id,root
1,34
2,49
3,14
4,5
5,3
6,23
7,5
8,15
9,1
10,5
11,31
12,3
13,8
14,13
15,35
16,4
17,19
18,13
19,28
20,22
21,6
22,18
23,10
24,32
25,12
26,8
27,11
28,11
29,3
30,17
31,16
32,23
33,7
34,13
35,24
36,23
37,14
38,26
39,28
40,20
41,3
42,5
43,14
44,7
45,4
46,23
47,2
48,19
49,23
50,20
51,15
52,22
53,25
54,31
55,16
56,18
57,29
58,37
59,11
60,7
61,1
62,6
63,7
64,1
65,8
66,18
67,9
68,8
69,6
70,21
71,6
72,6
73,6
74,3
75,21
76,23
77,3
78,20
79,18
80,20
81,9
82,11
83,17
84,2
85,9
86,1
87,17
88,16
89,18
90,7
91,24
92,23
93,31
94,14
95,14
96,28
97,1
98,29
99,12
100,2
101,16
102,3
103,4
104,26
105,5
106,3
107,30
108,5
109,22
110,27
111,8
112,18
113,24
114,1
115,26
116,24
117,6
118,12
119,7
120,17
121,12
122,27
123,9
124,13
125,11
126,13
127,15
128,18
129,5
130,2
131,33
132,10
133,13
134,20
135,17
136,15
137,4
138,3
139,11
140,15
141,1
142,24
143,8
144,4
145,10
146,6
147,10
148,11
149,11
150,7
151,7
152,12
153,17
154,2
155,4
156,2
157,5
158,20
159,4
160,3
161,9
162,3
163,5
164,14
165,14
166,10
167,5
168,1
169,17
170,1
171,8
172,2
173,18
174,3
175,10
176,5
177,24
178,9
179,6
180,4
181,15
182,11
183,18
184,9
185,3
186,10
187,2
188,16
189,17
190,3
191,5
192,1
193,40
194,37
195,16
196,6
197,6
198,9
199,10
200,5
201,7
202,15
203,11
204,9
205,24
206,53
207,4
208,4
209,3
210,16
211,7
212,11
213,9
214,22
215,12
216,23
217,15
218,5
219,23
220,2
221,25
222,18
223,18
224,4
225,10
226,6
227,9
228,9
229,15
230,4
231,17
232,24
233,4
234,13
235,11
236,29
237,18
238,3
239,19
240,6
241,10
242,21
243,10
244,21
245,5
246,16
247,8
248,17
249,9
250,34
251,44
252,5
253,5
254,10
255,5
256,28
257,27
258,27
259,16
260,5
261,9
262,45
263,26
264,4
265,13
266,28
267,34
268,1
269,25
270,2
271,26
272,11
273,40
274,8
275,47
276,39
277,26
278,16
279,9
280,36
281,2
282,12
283,27
284,1
285,2
286,8
287,24
288,3
289,3
290,9
291,11
292,6
293,28
294,8
295,8
296,3
297,1
298,21
299,2
300,25
301,19
302,4
303,2
304,4
305,2
306,6
307,11
308,28
309,7
310,6
311,10
312,2
313,38
314,30
315,48
316,4
317,31
318,1
319,18
320,3
321,15
322,17
323,3
324,6
325,6
326,7
327,6
328,7
329,11
330,5
331,1
332,4
333,15
334,25
335,11
336,3
337,8
338,14
339,9
340,1
341,4
342,5
343,5
344,14
345,26
346,13
347,37
348,13
349,27
350,16
351,16
352,27
353,1
354,3
355,16
356,37
357,8
358,19
359,6
360,6
361,26
362,3
363,5
364,6
365,5
366,17
367,12
368,12
369,16
370,32
371,11
372,19
373,6
374,2
375,12
376,8
377,3
378,16
379,15
380,15
381,5
382,27
383,2
384,2
385,3
386,6
387,3
388,2
389,4
390,3
391,5
392,4
393,26
394,11
395,5
396,13
397,7
398,20
399,15
400,6
401,2
402,8
403,19
404,17
405,9
406,22
407,11
408,11
409,14
410,19
411,10
412,4
413,28
414,22
415,17
416,13
417,40
418,2
419,12
420,5
421,18
422,16
423,9
424,16
425,9
426,7
427,4
428,12
429,6
430,22
431,17
432,7
433,24
434,8
435,3
436,10
437,1
438,11
439,25
440,3
441,13
442,14
443,2
444,8
445,1
446,7
447,6
448,5
449,20
450,4
451,14
452,19
453,2
454,7
455,1
456,15
457,11
458,11
459,8
460,23
461,24
462,7
463,18
464,4
465,12
466,12
467,6
468,22
469,2
470,9
471,2
472,48
473,4
474,4
475,4
476,30
477,9
478,7
479,9
480,43
481,12
482,16
483,18
484,19
485,11
486,19
487,22
488,20
489,29
490,11
491,14
492,18
493,19
494,26
495,3
496,13
497,17
498,7
499,3
500,5
501,2
502,2
503,11
504,6
505,2
506,19
507,10
508,8
509,3
510,8
511,6
512,12
513,5
514,12
515,7
516,2
517,9
518,2
519,21
520,13
521,5
522,9
523,11
524,1
525,26
526,4
527,4
528,7
529,5
530,7
531,12
532,14
533,20
534,12
535,7
536,1
537,9
538,13
539,6
540,1
541,13
542,8
543,18
544,2
545,22
546,9
547,12
548,19
549,6
550,2
551,13
552,8
553,5
554,6
555,4
556,4
557,6
558,5
559,8
560,9
561,6
562,7
563,11
564,3
565,11
566,14
567,10
568,15
569,2
570,2
571,12
572,12
573,4
574,11
575,5
576,11
577,2
578,9
579,6
580,3
581,12
582,8
583,11
584,17
585,14
586,19
587,13
588,15
589,8
590,8
591,7
592,6
593,3
594,5
595,10
596,18
597,4
598,2
599,14
600,6
601,2
602,11
603,2
604,3
605,6
606,7
607,11
608,18
609,1
610,16
611,5
612,15
613,6
614,1
615,5
616,7
617,5
618,1
619,16
620,4
621,1
622,9
623,5
624,13
625,5
626,4
627,2
628,7
629,8
630,1
631,1
632,6
633,3
634,5
635,4
636,1
637,12
638,7
639,2
640,2
641,6
642,4
643,3
644,7
645,9
646,4
647,13
648,8
649,9
650,4
651,4
652,1
653,4
654,1
655,1
656,3
657,2
658,1
659,10
660,4
661,3
662,4
663,2
664,9
665,9
666,10
667,2
668,7
669,13
670,1
671,5
672,3
673,13
674,4
675,1
676,5
677,9
678,8
679,2
680,2
681,6
682,4
683,2
684,2
685,3
686,1
687,2
688,12
689,14
690,1
691,3
692,14
693,5
694,3
695,8
696,8
697,2
698,1
699,3
700,1
701,7
702,5
703,15
704,7
705,1
706,4
707,4
708,4
709,9
710,9
711,9
712,3
713,3
714,11
715,8
716,15
717,13
718,2
719,1
720,6
721,4
722,3
723,4
724,3
725,2
726,15
727,4
728,8
729,7
730,9
731,4
732,4
733,3
734,12
735,9
736,4
737,8
738,2
739,8
740,17
741,2
742,2
743,10
744,6
745,7
746,11
747,15
748,1
749,2
750,3
751,10
752,12
753,13
754,19
755,31
756,14
757,6
758,5
759,11
760,1
761,7
762,14
763,4
764,4
765,16
766,9
767,7
768,7
769,16
770,24
771,2
772,15
773,7
774,2
775,3
776,3
777,4
778,27
779,5
780,5
781,6
782,3
783,7
784,12
785,3
786,5
787,8
788,11
789,11
790,6
791,2
792,9
793,6
794,6
795,5
796,11
797,19
798,12
799,7
800,7
801,3
802,15
803,12
804,6
805,4
806,4
807,21
808,10
809,15
810,22
811,9
812,16
813,8
814,8
815,13
816,6
817,3
818,10
819,10
820,5
821,11
822,15
823,10
824,4
825,17
826,4
827,6
828,8
829,3
830,5
831,19
832,9
833,5
834,8
835,12
836,2
837,3
838,4
839,21
840,8
841,6
842,19
843,8
844,10
845,1
846,17
847,12
848,15
849,5
850,6
851,12
852,5
853,4
854,7
855,17
856,12
857,6
858,8
859,18
860,2
861,16
862,5
863,14
864,9
865,20
866,2
867,5
868,32
869,4
870,20
871,3
872,12
873,3
874,7
875,5
876,4
877,3
878,1
879,4
880,6
881,3
882,2
883,5
884,8
885,4
886,5
887,1
888,12
889,14
890,5
891,4
892,4
893,16
894,1
895,4
896,7
897,11
898,14
899,12
900,9
901,2
902,4
903,3
904,4
905,14
906,3
907,3
908,11
909,4
910,2
911,1
912,13
913,1
914,14
915,7
916,3
917,6
918,3
919,16
920,1
921,2
922,4
923,5
924,9
925,4
926,2
927,4
928,4
929,2
930,6
931,5
932,12
933,6
934,2
935,1
936,13
937,6
938,7
939,5
940,7
941,6
942,8
943,1
944,5
945,2
946,6
947,17
948,7
949,5
950,4
951,11
952,5
953,7
954,1
955,2
956,8
957,12
958,6
959,3
960,18
961,1
962,3
963,23
964,12
965,1
966,8
967,3
968,10
969,13
970,7
971,10
972,13
973,5
974,9
975,29
976,14
977,11
978,17
979,12
980,9
981,2
982,9
983,10
984,11
985,9
986,3
987,6
988,5
989,13
990,13
991,1
992,28
993,11
994,4
995,4
996,2
997,1
998,17
999,13
1000,9
1001,22
1002,8
1003,3
1004,12
1005,28
1006,7
1007,19
1008,17
1009,28
1010,11
1011,2
1012,6
1013,5
1014,11
1015,37
1016,10
1017,15
1018,13
1019,4
1020,27
1021,8
1022,2
1023,4
1024,10
1025,4
1026,6
1027,7
1028,1
1029,12
1030,25
1031,7
1032,18
1033,14
1034,11
1035,10
1036,9
1037,15
1038,16
1039,10
1040,22
1041,6
1042,12
1043,29
1044,22
1045,3
1046,22
1047,1
1048,15
1049,18
1050,6
1051,9
1052,6
1053,9
1054,27
1055,5
1056,1
1057,21
1058,11
1059,6
1060,16
1061,3
1062,1
1063,12
1064,1
1065,16
1066,13
1067,11
1068,2
1069,5
1070,10
1071,2
1072,9
1073,4
1074,16
1075,9
1076,8
1077,10
1078,3
1079,16
1080,4
1081,4
1082,22
1083,7
1084,12
1085,14
1086,22
1087,10
1088,13
1089,6
1090,7
1091,9
1092,5
1093,5
1094,26
1095,13
1096,2
1097,26
1098,8
1099,3
1100,13
1101,3
1102,15
1103,10
1104,11
1105,16
1106,5
1107,28
1108,1
1109,19
1110,7
1111,8
1112,18
1113,2
1114,2
1115,12
1116,12
1117,17
1118,23
1119,21
1120,11
1121,1
1122,1
1123,18
1124,15
1125,6
1126,1
1127,1
1128,19
1129,6
1130,14
1131,1
1132,8
1133,14
1134,10
1135,17
1136,14
1137,1
1138,8
1139,11
1140,2
1141,5
1142,9
1143,7
1144,26
1145,7
1146,11
1147,13
1148,17
1149,2
1150,8
1151,5
1152,10
1153,4
1154,19
1155,19
1156,7
1157,1
1158,5
1159,10
1160,15
1161,24
1162,11
1163,9
1164,20
1165,13
1166,2
1167,8
1168,2
1169,22
1170,5
1171,7
1172,11
1173,5
1174,12
1175,14
1176,1
1177,6
1178,7
1179,17
1180,13
1181,13
1182,13
1183,27
1184,20
1185,3
1186,6
1187,3
1188,6
1189,13
1190,19
1191,7
1192,1
1193,8
1194,16
1195,5
1196,12
1197,2
1198,3
1199,6
1200,13
1201,18
1202,8
1203,12
1204,27
1205,4
1206,31
1207,3
1208,4
1209,4
1210,3
1211,19
1212,36
1213,12
1214,2
1215,2
1216,19
1217,5
1218,16
1219,5
1220,5
1221,6
1222,13
1223,11
1224,15
1225,6
1226,16
1227,2
1228,3
1229,8
1230,5
1231,17
1232,16
1233,13
1234,6
1235,16
1236,5
1237,5
1238,3
1239,11
1240,19
1241,21
1242,3
1243,4
1244,8
1245,4
1246,2
1247,1
1248,15
1249,21
1250,8
1251,16
1252,14
1253,5
1254,17
1255,12
1256,4
1257,7
1258,2
1259,13
1260,3
1261,12
1262,10
1263,2
1264,25
1265,52
1266,31
1267,5
1268,12
1269,8
1270,10
1271,15
1272,2
1273,29
1274,5
1275,7
1276,19
1277,1
1278,10
1279,16
1280,2
1281,22
1282,9
1283,15
1284,27
1285,5
1286,1
1287,17
1288,4
1289,6
1290,16
1291,20
1292,10
1293,17
1294,2
1295,22
1296,7
1297,24
1298,25
1299,2
1300,14
1301,7
1302,2
1303,33
1304,28
1305,27
1306,6
1307,12
1308,14
1309,2
1310,22
1311,1
1312,13
1313,13
1314,12
1315,6
1316,17
1317,14
1318,8
1319,7
1320,3
1321,3
1322,1
1323,13
1324,17
1325,25
1326,22
1327,21
1328,5
1329,8
1330,16
1331,13
1332,14
1333,16
1334,17
1335,9
1336,4
1337,20
1338,12
1339,9
1340,12
1341,3
1342,16
1343,14
1344,5
1345,9
1346,13
1347,3
1348,13
1349,8
1350,9
1351,21
1352,18
1353,12
1354,8
1355,11
1356,13
1357,6
1358,19
1359,11
1360,1
1361,2
1362,3
1363,9
1364,4
1365,15
1366,7
1367,6
1368,3
1369,11
1370,13
1371,8
1372,27
1373,9
1374,5
1375,10
1376,7
1377,3
1378,5
1379,26
1380,4
1381,7
1382,9
1383,3
1384,2
1385,6
1386,5
1387,10
1388,9
1389,28
1390,5
1391,16
1392,15
1393,7
1394,1
1395,5
1396,5
1397,17
1398,14
1399,6
1400,12
1401,5
1402,2
1403,20
1404,2
1405,14
1406,8
1407,30
1408,17
1409,4
1410,1
1411,21
1412,2
1413,3
1414,21
1415,4
1416,8
1417,18
1418,10
1419,13
1420,18
1421,18
1422,8
1423,25
1424,15
1425,12
1426,8
1427,11
1428,17
1429,7
1430,7
1431,9
1432,4
1433,3
1434,4
1435,2
1436,8
1437,5
1438,22
1439,8
1440,2
1441,19
1442,6
1443,3
1444,12
1445,3
1446,19
1447,16
1448,2
1449,6
1450,3
1451,15
1452,2
1453,6
1454,4
1455,26
1456,2
1457,2
1458,26
1459,9
1460,10
1461,10
1462,15
1463,22
1464,1
1465,10
1466,2
1467,3
1468,13
1469,21
1470,28
1471,9
1472,1
1473,13
1474,24
1475,11
1476,4
1477,2
1478,15
1479,23
1480,19
1481,33
1482,4
1483,9
1484,16
1485,5
1486,10
1487,8
1488,29
1489,8
1490,7
1491,6
1492,3
1493,18
1494,9
1495,11
1496,27
1497,11
1498,6
1499,5
1500,24
1501,8
1502,7
1503,3
1504,15
1505,11
1506,5
1507,3
1508,7
1509,23
1510,26
1511,2
1512,3
1513,24
1514,1
1515,25
1516,3
1517,18
1518,5
1519,7
1520,2
1521,2
1522,13
1523,23
1524,1
1525,17
1526,7
1527,21
1528,17
1529,12
1530,21
1531,24
1532,13
1533,9
1534,7
1535,5
1536,3
1537,14
1538,1
1539,28
1540,11
1541,9
1542,18
1543,1
1544,13
1545,2
1546,4
1547,6
1548,6
1549,25
1550,7
1551,9
1552,5
1553,22
1554,2
1555,20
1556,13
1557,6
1558,12
1559,2
1560,3
1561,13
1562,3
1563,8
1564,8
1565,24
1566,5
1567,5
1568,12
1569,19
1570,6
1571,14
1572,6
1573,10
1574,5
1575,13
1576,18
1577,13
1578,2
1579,17
1580,22
1581,8
1582,4
1583,15
1584,8
1585,9
1586,12
1587,7
1588,6
1589,25
1590,11
1591,1
1592,16
1593,6
1594,18
1595,15
1596,3
1597,26
1598,3
1599,2
1600,5
1601,3
1602,26
1603,5
1604,19
1605,12
1606,8
1607,10
1608,2
1609,18
1610,4
1611,11
1612,3
1613,23
1614,16
1615,3
1616,9
1617,6
1618,3
1619,18
1620,13
1621,5
1622,6
1623,15
1624,2
1625,5
1626,1
1627,3
1628,6
1629,7
1630,13
1631,11
1632,5
1633,7
1634,11
1635,14
1636,6
1637,13
1638,11
1639,16
1640,7
1641,9
1642,8
1643,14
1644,10
1645,1
1646,9
1647,10
1648,3
1649,4
1650,14
1651,8
1652,14
1653,9
1654,7
1655,8
1656,12
1657,8
1658,2
1659,11
1660,3
1661,4
1662,13
1663,17
1664,10
1665,9
1666,4
1667,12
1668,9
1669,7
1670,4
1671,3
1672,9
1673,3
1674,12
1675,5
1676,12
1677,6
1678,28
1679,9
1680,16
1681,12
1682,19
1683,7
1684,10
1685,5
1686,9
1687,4
1688,2
1689,2
1690,3
1691,9
1692,3
1693,28
1694,6
1695,5
1696,5
1697,1
1698,6
1699,5
1700,13
1701,8
1702,5
1703,6
1704,6
1705,5
1706,1
1707,8
1708,2
1709,1
1710,13
1711,3
1712,3
1713,11
1714,2
1715,7
1716,14
1717,13
1718,9
1719,12
1720,7
1721,14
1722,4
1723,2
1724,15
1725,10
1726,13
1727,10
1728,6
1729,8
1730,19
1731,8
1732,1
1733,2
1734,16
1735,23
1736,3
1737,15
1738,4
1739,13
1740,6
1741,6
1742,11
1743,16
1744,13
1745,22
1746,23
1747,16
1748,2
1749,22
1750,10
1751,6
1752,8
1753,3
1754,9
1755,3
1756,14
1757,2
1758,5
1759,13
1760,3
1761,15
1762,8
1763,2
1764,8
1765,4
1766,7
1767,1
1768,25
1769,2
1770,2
1771,16
1772,4
1773,7
1774,5
1775,3
1776,15
1777,10
1778,23
1779,14
1780,12
1781,12
1782,7
1783,5
1784,6
1785,8
1786,16
1787,5
1788,6
1789,3
1790,18
1791,1
1792,17
1793,7
1794,11
1795,13
1796,8
1797,3
1798,1
1799,28
1800,2
1801,5
1802,24
1803,4
1804,13
1805,5
1806,3
1807,9
1808,4
1809,5
1810,11
1811,22
1812,3
1813,12
1814,4
1815,11
1816,3
1817,2
1818,3
1819,3
1820,13
1821,19
1822,14
1823,11
1824,2
1825,9
1826,4
1827,12
1828,9
1829,16
1830,11
1831,8
1832,3
1833,10
1834,17
1835,5
1836,15
1837,5
1838,18
1839,3
1840,7
1841,16
1842,2
1843,13
1844,5
1845,3
1846,21
1847,9
1848,4
1849,6
1850,10
1851,21
1852,11
1853,4
1854,14
1855,24
1856,4
1857,9
1858,17
1859,8
1860,5
1861,6
1862,7
1863,4
1864,6
1865,9
1866,13
1867,10
1868,1
1869,2
1870,5
1871,23
1872,7
1873,8
1874,12
1875,7
1876,7
1877,2
1878,17
1879,1
1880,4
1881,9
1882,14
1883,4
1884,9
1885,3
1886,16
1887,6
1888,5
1889,29
1890,2
1891,13
1892,12
1893,3
1894,9
1895,18
1896,15
1897,3
1898,14
1899,8
1900,8
1901,2
1902,18
1903,9
1904,22
1905,14
1906,19
1907,4
1908,4
1909,20
1910,16
1911,7
1912,16
1913,2
1914,11
1915,15
1916,14
1917,2
1918,1
1919,17
1920,4
1921,12
1922,10
1923,14
1924,25
1925,19
1926,9
1927,12
1928,8
1929,6
1930,3
1931,10
1932,1
1933,7
1934,4
1935,5
1936,17
1937,10
1938,6
1939,4
1940,19
1941,16
1942,3
1943,7
1944,16
1945,12
1946,15
1947,13
1948,9
1949,4
1950,16
1951,9
1952,7
1953,22
1954,2
1955,1
1956,18
1957,33
1958,16
1959,14
1960,8
1961,10
1962,16
1963,3
1964,19
1965,35
1966,13
1967,3
1968,6
1969,28
1970,6
1971,15
1972,4
1973,12
1974,14
1975,17
1976,21
1977,8
1978,29
1979,2
1980,2
1981,7
1982,15
1983,32
1984,11
1985,8
1986,9
1987,2
1988,2
1989,14
1990,2
1991,14
1992,5
1993,20
1994,1
1995,22
1996,10
1997,5
1998,4
1999,14
2000,10
2001,9
2002,16
2003,4
2004,27
2005,21
2006,7
2007,4
2008,11
2009,10
2010,37
2011,14
2012,6
2013,4
2014,4
2015,13
2016,18
2017,22
2018,9
2019,21
2020,30
2021,14
2022,20
2023,18
2024,11
2025,20
2026,9
2027,13
2028,35
2029,22
2030,6
2031,16
2032,3
2033,4
2034,26
2035,11
2036,19
2037,20
2038,38
2039,32
2040,5
2041,7
2042,9
2043,6
2044,9
2045,11
2046,7
2047,13
2048,2
2049,1
2050,19
2051,12
2052,4
2053,9
2054,5
2055,1
2056,14
2057,7
2058,1
2059,1
2060,37
2061,13
2062,4
2063,14
2064,17
2065,3
2066,2
2067,18
2068,5
2069,18
2070,7
2071,16
2072,25
2073,31
2074,18
2075,5
2076,3
2077,11
2078,12
2079,18
2080,2
2081,32
2082,5
2083,6
2084,5
2085,12
2086,2
2087,3
2088,2
2089,12
2090,14
2091,4
2092,33
2093,28
2094,1
2095,3
2096,13
2097,23
2098,5
2099,18
2100,10
2101,12
2102,5
2103,6
2104,17
2105,4
2106,23
2107,9
2108,17
2109,20
2110,6
2111,6
2112,2
2113,25
2114,10
2115,14
2116,6
2117,6
2118,21
2119,3
2120,13
2121,1
2122,3
2123,4
2124,8
2125,22
2126,16
2127,1
2128,6
2129,18
2130,7
2131,3
2132,4
2133,8
2134,23
2135,3
2136,15
2137,11
2138,12
2139,11
2140,3
2141,1
2142,13
2143,8
2144,11
2145,3
2146,7
2147,2
2148,14
2149,14
2150,20
2151,16
2152,4
2153,11
2154,12
2155,10
2156,8
2157,12
2158,16
2159,8
2160,5
2161,10
2162,23
2163,10
2164,6
2165,5
2166,3
2167,5
2168,9
2169,13
2170,8
2171,8
2172,13
2173,5
2174,29
2175,18
2176,19
2177,24
2178,2
2179,3
2180,24
2181,1
2182,1
2183,6
2184,4
2185,5
2186,22
2187,5
2188,25
2189,7
2190,3
2191,8
2192,3
2193,14
2194,14
2195,8
2196,11
2197,6
2198,5
2199,8
2200,19
2201,11
2202,20
2203,7
2204,3
2205,19
2206,17
2207,13
2208,8
2209,10
2210,3
2211,18
2212,16
2213,3
2214,18
2215,8
2216,12
2217,16
2218,5
2219,9
2220,10
2221,3
2222,6
2223,11
2224,14
2225,31
2226,11
2227,15
2228,5
2229,10
2230,14
2231,17
2232,27
2233,9
2234,3
2235,4
2236,25
2237,20
2238,14
2239,28
2240,24
2241,15
2242,4
2243,21
2244,1
2245,2
2246,17
2247,20
2248,7
2249,7
2250,4
2251,18
2252,5
2253,24
2254,5
2255,38
2256,2
2257,31
2258,5
2259,24
2260,19
2261,5
2262,2
2263,31
2264,1
2265,6
2266,15
2267,23
2268,8
2269,3
2270,4
2271,8
2272,6
2273,11
2274,13
2275,6
2276,6
2277,10
2278,12
2279,14
2280,1
2281,20
2282,9
2283,11
2284,5
2285,7
2286,4
2287,32
2288,2
2289,10
2290,19
2291,21
2292,25
2293,4
2294,14
2295,3
2296,17
2297,1
2298,15
2299,14
2300,1
2301,7
2302,2
2303,9
2304,4
2305,18
2306,6
2307,18
2308,17
2309,7
2310,22
2311,2
2312,1
2313,15
2314,25
2315,4
2316,1
2317,12
2318,3
2319,17
2320,26
2321,6
2322,11
2323,23
2324,21
2325,14
2326,9
2327,21
2328,12
2329,1
2330,16
2331,9
2332,8
2333,17
2334,9
2335,4
2336,32
2337,9
2338,3
2339,5
2340,1
2341,12
2342,6
2343,1
2344,7
2345,14
2346,17
2347,3
2348,2
2349,5
2350,3
2351,3
2352,12
2353,36
2354,17
2355,19
2356,2
2357,27
2358,13
2359,11
2360,11
2361,17
2362,3
2363,3
2364,7
2365,6
2366,9
2367,3
2368,5
2369,28
2370,8
2371,2
2372,4
2373,14
2374,5
2375,2
2376,15
2377,11
2378,21
2379,3
2380,1
2381,13
2382,4
2383,10
2384,18
2385,17
2386,8
2387,7
2388,7
2389,11
2390,6
2391,17
2392,6
2393,30
2394,10
2395,16
2396,16
2397,16
2398,1
2399,2
2400,9
2401,7
2402,3
2403,1
2404,19
2405,4
2406,10
2407,3
2408,11
2409,10
2410,2
2411,9
2412,5
2413,27
2414,13
2415,14
2416,14
2417,22
2418,10
2419,9
2420,25
2421,13
2422,12
2423,14
2424,8
2425,12
2426,21
2427,4
2428,15
2429,19
2430,8
2431,1
2432,20
2433,11
2434,3
2435,8
2436,11
2437,13
2438,1
2439,5
2440,1
2441,20
2442,9
2443,12
2444,1
2445,10
2446,4
2447,14
2448,27
2449,15
2450,10
2451,22
2452,32
2453,15
2454,6
2455,21
2456,1
2457,4
2458,5
2459,19
2460,21
2461,10
2462,1
2463,9
2464,31
2465,7
2466,22
2467,3
2468,12
2469,16
2470,3
2471,21
2472,15
2473,8
2474,18
2475,2
2476,2
2477,14
2478,13
2479,3
2480,1
2481,13
2482,6
2483,21
2484,18
2485,8
2486,15
2487,12
2488,4
2489,15
2490,35
2491,15
2492,4
2493,17
2494,6
2495,23
2496,7
2497,11
2498,10
2499,3
2500,26
2501,5
2502,6
2503,8
2504,13
2505,1
2506,9
2507,15
2508,11
2509,18
2510,4
2511,16
2512,14
2513,6
2514,21
2515,16
2516,14
2517,15
2518,18
2519,7
2520,11
2521,10
2522,14
2523,24
2524,8
2525,12
2526,16
2527,17
2528,20
2529,34
2530,10
2531,28
2532,20
2533,16
2534,14
2535,12
2536,6
2537,37
2538,7
2539,32
2540,16
2541,15
2542,22
2543,9
2544,3
2545,17
2546,4
2547,7
2548,20
2549,4
2550,6
2551,16
2552,1
2553,9
2554,13
2555,20
2556,2
2557,8
2558,9
2559,8
2560,17
2561,2
2562,19
2563,12
2564,17
2565,3
2566,22
2567,22
2568,7
2569,4
2570,18
2571,15
2572,13
2573,13
2574,10
2575,25
2576,27
2577,6
2578,4
2579,3
2580,11
2581,2
2582,15
2583,6
2584,17
2585,5
2586,10
2587,19
2588,35
2589,8
2590,4
2591,4
2592,4
2593,16
2594,24
2595,17
2596,17
2597,16
2598,5
2599,22
2600,10
2601,3
2602,5
2603,5
2604,37
2605,16
2606,7
2607,5
2608,19
2609,4
2610,21
2611,2
2612,3
2613,15
2614,4
2615,6
2616,3
2617,5
2618,8
2619,6
2620,17
2621,3
2622,4
2623,16
2624,15
2625,11
2626,11
2627,18
2628,1
2629,21
2630,7
2631,7
2632,13
2633,5
2634,5
2635,5
2636,25
2637,9
2638,11
2639,17
2640,5
2641,10
2642,21
2643,11
2644,1
2645,1
2646,21
2647,3
2648,16
2649,19
2650,2
2651,3
2652,4
2653,2
2654,21
2655,13
2656,11
2657,18
2658,7
2659,5
2660,10
2661,3
2662,10
2663,13
2664,3
2665,24
2666,6
2667,4
2668,30
2669,14
2670,8
2671,6
2672,17
2673,3
2674,5
2675,11
2676,15
2677,6
2678,2
2679,18
2680,15
2681,25
2682,2
2683,17
2684,14
2685,16
2686,16
2687,2
2688,17
2689,31
2690,13
2691,30
2692,3
2693,8
2694,14
2695,4
2696,11
2697,10
2698,8
2699,9
2700,11
2701,17
2702,7
2703,20
2704,15
2705,3
2706,7
2707,2
2708,4
2709,10
2710,8
2711,23
2712,6
2713,14
2714,10
2715,14
2716,7
2717,2
2718,4
2719,30
2720,9
2721,9
2722,9
2723,19
2724,4
2725,27
2726,33
2727,11
2728,7
2729,12
2730,6
2731,20
2732,5
2733,4
2734,23
2735,26
2736,3
2737,11
2738,22
2739,32
2740,16
2741,6
2742,8
2743,7
2744,7
2745,14
2746,13
2747,9
2748,21
2749,27
2750,27
2751,29
2752,21
2753,2
2754,10
2755,20
2756,12
2757,5
2758,29
2759,1
2760,17
2761,12
2762,15
2763,6
2764,13
2765,2
2766,12
2767,1
2768,18
2769,9
2770,11
2771,4
2772,8
2773,5
2774,1
2775,10
2776,10
2777,18
2778,6
2779,1
2780,5
2781,5
2782,9
2783,6
2784,15
2785,8
2786,11
2787,13
2788,27
2789,9
2790,7
2791,14
2792,22
2793,19
2794,15
2795,9
2796,9
2797,2
2798,12
2799,17
2800,6
2801,1
2802,7
2803,8
2804,12
2805,28
2806,4
2807,8
2808,2
2809,3
2810,1
2811,26
2812,7
2813,11
2814,17
2815,17
2816,7
2817,10
2818,20
2819,5
2820,20
2821,2
2822,43
2823,9
2824,4
2825,1
2826,18
2827,3
2828,9
2829,23
2830,11
2831,17
2832,1
2833,31
2834,9
2835,8
2836,13
2837,3
2838,14
2839,18
2840,14
2841,17
2842,9
2843,27
2844,6
2845,24
2846,20
2847,21
2848,11
2849,12
2850,2
2851,5
2852,21
2853,1
2854,8
2855,6
2856,10
2857,18
2858,8
2859,1
2860,10
2861,9
2862,4
2863,9
2864,41
2865,10
2866,5
2867,11
2868,9
2869,12
2870,11
2871,5
2872,5
2873,40
2874,7
2875,10
2876,14
2877,4
2878,6
2879,2
2880,21
2881,16
2882,7
2883,17
2884,8
2885,5
2886,3
2887,5
2888,5
2889,7
2890,6
2891,15
2892,7
2893,8
2894,3
2895,11
2896,14
2897,3
2898,1
2899,21
2900,6
2901,7
2902,3
2903,7
2904,6
2905,7
2906,12
2907,9
2908,25
2909,16
2910,7
2911,16
2912,26
2913,12
2914,1
2915,25
2916,1
2917,6
2918,22
2919,8
2920,7
2921,5
2922,12
2923,4
2924,6
2925,3
2926,5
2927,17
2928,11
2929,12
2930,10
2931,13
2932,13
2933,3
2934,6
2935,19
2936,4
2937,4
2938,7
2939,1
2940,14
2941,6
2942,15
2943,7
2944,1
2945,14
2946,5
2947,21
2948,11
2949,10
2950,19
2951,1
2952,22
2953,20
2954,9
2955,29
2956,23
2957,6
2958,11
2959,9
2960,11
2961,18
2962,3
2963,12
2964,27
2965,19
2966,11
2967,1
2968,33
2969,26
2970,4
2971,13
2972,21
2973,8
2974,8
2975,9
2976,8
2977,3
2978,18
2979,14
2980,3
2981,26
2982,3
2983,5
2984,3
2985,16
2986,11
2987,32
2988,14
2989,15
2990,15
2991,14
2992,5
2993,6
2994,39
2995,16
2996,21
2997,4
2998,11
2999,7
3000,27
3001,11
3002,6
3003,5
3004,22
3005,14
3006,19
3007,14
3008,12
3009,8
3010,14
3011,8
3012,7
3013,18
3014,4
3015,14
3016,2
3017,1
3018,38
3019,16
3020,14
3021,6
3022,2
3023,24
3024,10
3025,3
3026,7
3027,27
3028,29
3029,9
3030,1
3031,2
3032,7
3033,2
3034,35
3035,5
3036,12
3037,4
3038,2
3039,2
3040,4
3041,9
3042,5
3043,1
3044,4
3045,21
3046,22
3047,3
3048,3
3049,5
3050,6
3051,24
3052,10
3053,19
3054,2
3055,7
3056,3
3057,19
3058,5
3059,12
3060,12
3061,11
3062,14
3063,24
3064,9
3065,4
3066,14
3067,13
3068,18
3069,13
3070,5
3071,2
3072,1
3073,4
3074,13
3075,12
3076,2
3077,15
3078,4
3079,1
3080,2
3081,7
3082,18
3083,19
3084,13
3085,16
3086,8
3087,3
3088,7
3089,7
3090,1
3091,9
3092,17
3093,8
3094,2
3095,8
3096,15
3097,10
3098,15
3099,19
3100,6
3101,19
3102,3
3103,14
3104,15
3105,9
3106,3
3107,9
3108,23
3109,2
3110,6
3111,3
3112,7
3113,19
3114,11
3115,12
3116,9
3117,2
3118,5
3119,6
3120,12
3121,9
3122,24
3123,5
3124,13
3125,4
3126,21
3127,14
3128,4
3129,18
3130,11
3131,15
3132,14
3133,6
3134,18
3135,13
3136,13
3137,1
3138,12
3139,13
3140,19
3141,17
3142,10
3143,8
3144,28
3145,12
3146,11
3147,7
3148,15
3149,22
3150,1
3151,8
3152,19
3153,5
3154,18
3155,15
3156,15
3157,2
3158,15
3159,4
3160,13
3161,4
3162,6
3163,23
3164,11
3165,8
3166,9
3167,9
3168,12
3169,8
3170,13
3171,2
3172,8
3173,9
3174,15
3175,21
3176,5
3177,9
3178,6
3179,12
3180,14
3181,15
3182,11
3183,9
3184,36
3185,8
3186,14
3187,1
3188,6
3189,19
3190,14
3191,19
3192,34
3193,17
3194,1
3195,31
3196,1
3197,11
3198,14
3199,9
3200,8
3201,6
3202,18
3203,10
3204,5
3205,15
3206,7
3207,4
3208,13
3209,11
3210,3
3211,8
3212,16
3213,5
3214,3
3215,19
3216,18
3217,7
3218,7
3219,10
3220,15
3221,12
3222,4
3223,2
3224,14
3225,4
3226,28
3227,8
3228,1
3229,2
3230,9
3231,22
3232,2
3233,8
3234,19
3235,7
3236,14
3237,1
3238,3
3239,16
3240,6
3241,8
3242,2
3243,8
3244,32
3245,5
3246,5
3247,24
3248,12
3249,13
3250,6
3251,11
3252,2
3253,7
3254,7
3255,5
3256,3
3257,1
3258,7
3259,18
3260,8
3261,5
3262,12
3263,21
3264,24
3265,1
3266,1
3267,3
3268,1
3269,3
3270,6
3271,2
3272,1
3273,29
3274,22
3275,1
3276,6
3277,19
3278,25
3279,16
3280,4
3281,24
3282,20
3283,11
3284,3
3285,14
3286,3
3287,18
3288,10
3289,18
3290,15
3291,1
3292,8
3293,13
3294,13
3295,13
3296,21
3297,15
3298,11
3299,8
3300,17
3301,3
3302,9
3303,7
3304,12
3305,10
3306,22
3307,12
3308,4
3309,14
3310,5
3311,7
3312,4
3313,2
3314,7
3315,2
3316,6
3317,19
3318,9
3319,2
3320,8
3321,6
3322,24
3323,20
3324,7
3325,8
3326,18
3327,1
3328,7
3329,1
3330,8
3331,15
3332,13
3333,11
3334,2
3335,11
3336,20
3337,1
3338,28
3339,16
3340,21
3341,12
3342,9
3343,35
3344,7
3345,37
3346,2
3347,2
3348,1
3349,3
3350,12
3351,11
3352,12
3353,2
3354,4
3355,9
3356,9
3357,1
3358,2
3359,32
3360,2
3361,9
3362,5
3363,13
3364,22
3365,7
3366,2
3367,1
3368,5
3369,14
3370,14
3371,11
3372,4
3373,4
3374,9
3375,11
3376,3
3377,5
3378,14
3379,9
3380,11
3381,5
3382,1
3383,10
3384,4
3385,19
3386,14
3387,31
3388,16
3389,20
3390,12
3391,7
3392,9
3393,1
3394,21
3395,18
3396,6
3397,2
3398,5
3399,16
3400,24
3401,21
3402,4
3403,12
3404,8
3405,10
3406,4
3407,20
3408,7
3409,13
3410,25
3411,16
3412,5
3413,2
3414,5
3415,12
3416,19
3417,15
3418,20
3419,8
3420,3
3421,15
3422,5
3423,5
3424,4
3425,5
3426,7
3427,5
3428,5
3429,2
3430,16
3431,11
3432,8
3433,12
3434,3
3435,29
3436,13
3437,2
3438,11
3439,24
3440,17
3441,4
3442,5
3443,1
3444,11
3445,20
3446,9
3447,8
3448,1
3449,25
3450,18
3451,17
3452,9
3453,9
3454,20
3455,3
3456,5
3457,12
3458,18
3459,13
3460,3
3461,7
3462,2
3463,11
3464,12
3465,6
3466,25
3467,16
3468,1
3469,2
3470,6
3471,19
3472,6
3473,12
3474,17
3475,5
3476,27
3477,3
3478,9
3479,3
3480,5
3481,5
3482,2
3483,2
3484,20
3485,12
3486,7
3487,14
3488,2
3489,11
3490,1
3491,14
3492,3
3493,3
3494,11
3495,28
3496,7
3497,2
3498,8
3499,4
3500,2
3501,10
3502,20
3503,28
3504,5
3505,17
3506,10
3507,7
3508,5
3509,3
3510,27
3511,1
3512,6
3513,10
3514,5
3515,24
3516,12
3517,7
3518,7
3519,17
3520,3
3521,9
3522,20
3523,23
3524,5
3525,9
3526,10
3527,17
3528,2
3529,26
3530,10
3531,6
3532,3
3533,4
3534,9
3535,16
3536,9
3537,9
3538,16
3539,1
3540,4
3541,3
3542,10
3543,5
3544,7
3545,7
3546,1
3547,5
3548,2
3549,8
3550,10
3551,3
3552,23
3553,9
3554,7
3555,11
3556,1
3557,12
3558,20
3559,9
3560,7
3561,10
3562,9
3563,7
3564,11
3565,3
3566,11
3567,4
3568,2
3569,2
3570,1
3571,3
3572,15
3573,3
3574,11
3575,10
3576,6
3577,16
3578,27
3579,6
3580,15
3581,3
3582,24
3583,4
3584,6
3585,15
3586,14
3587,3
3588,3
3589,9
3590,11
3591,3
3592,2
3593,18
3594,20
3595,5
3596,20
3597,3
3598,12
3599,2
3600,9
3601,1
3602,2
3603,13
3604,1
3605,15
3606,4
3607,5
3608,1
3609,10
3610,4
3611,12
3612,3
3613,3
3614,8
3615,1
3616,2
3617,4
3618,7
3619,19
3620,1
3621,10
3622,2
3623,3
3624,8
3625,17
3626,11
3627,10
3628,7
3629,12
3630,6
3631,4
3632,6
3633,11
3634,17
3635,9
3636,5
3637,7
3638,13
3639,11
3640,1
3641,1
3642,5
3643,6
3644,3
3645,13
3646,6
3647,4
3648,11
3649,12
3650,8
3651,7
3652,4
3653,15
3654,7
3655,4
3656,8
3657,7
3658,23
3659,2
3660,1
3661,9
3662,18
3663,1
3664,17
3665,17
3666,14
3667,7
3668,8
3669,7
3670,7
3671,8
3672,2
3673,13
3674,3
3675,7
3676,7
3677,14
3678,12
3679,25
3680,8
3681,19
3682,5
3683,1
3684,15
3685,16
3686,3
3687,23
3688,7
3689,5
3690,3
3691,15
3692,10
3693,7
3694,2
3695,12
3696,8
3697,12
3698,4
3699,12
3700,8
3701,13
3702,6
3703,16
3704,6
3705,7
3706,7
3707,4
3708,11
3709,11
3710,15
3711,14
3712,5
3713,15
3714,12
3715,16
3716,24
3717,19
3718,9
3719,10
3720,7
3721,16
3722,1
3723,13
3724,4
3725,18
3726,8
3727,22
3728,12
3729,1
3730,15
3731,13
3732,6
3733,7
3734,2
3735,6
3736,13
3737,9
3738,9
3739,2
3740,37
3741,12
3742,20
3743,11
3744,10
3745,6
3746,9
3747,8
3748,19
3749,5
3750,2
3751,6
3752,2
3753,8
3754,1
3755,4
3756,8
3757,5
3758,2
3759,8
3760,11
3761,2
3762,7
3763,1
3764,5
3765,14
3766,19
3767,6
3768,8
3769,3
3770,11
3771,3
3772,6
3773,2
3774,3
3775,12
3776,16
3777,16
3778,19
3779,3
3780,36
3781,9
3782,13
3783,3
3784,9
3785,21
3786,4
3787,5
3788,14
3789,11
3790,7
3791,16
3792,9
3793,1
3794,5
3795,1
3796,2
3797,2
3798,6
3799,5
3800,14
3801,4
3802,13
3803,9
3804,5
3805,15
3806,1
3807,7
3808,3
3809,1
3810,7
3811,3
3812,8
3813,1
3814,28
3815,9
3816,11
3817,2
3818,12
3819,5
3820,11
3821,26
3822,3
3823,11
3824,3
3825,10
3826,22
3827,1
3828,11
3829,20
3830,1
3831,20
3832,2
3833,9
3834,5
3835,12
3836,7
3837,9
3838,27
3839,7
3840,15
3841,4
3842,9
3843,4
3844,3
3845,12
3846,10
3847,13
3848,7
3849,2
3850,12
3851,10
3852,8
3853,3
3854,15
3855,7
3856,5
3857,9
3858,9
3859,14
3860,7
3861,9
3862,8
3863,26
3864,8
3865,1
3866,14
3867,10
3868,7
3869,2
3870,3
3871,14
3872,15
3873,9
3874,5
3875,1
3876,2
3877,1
3878,8
3879,9
3880,3
3881,4
3882,21
3883,14
3884,16
3885,8
3886,7
3887,10
3888,2
3889,12
3890,10
3891,1
3892,12
3893,9
3894,10
3895,14
3896,9
3897,9
3898,23
3899,4
3900,7
3901,9
3902,17
3903,14
3904,3
3905,23
3906,16
3907,8
3908,3
3909,9
3910,3
3911,12
3912,8
3913,7
3914,8
3915,2
3916,4
3917,20
3918,4
3919,8
3920,11
3921,7
3922,5
3923,4
3924,2
3925,11
3926,1
3927,11
3928,8
3929,3
3930,1
3931,10
3932,6
3933,15
3934,9
3935,9
3936,15
3937,2
3938,3
3939,14
3940,18
3941,4
3942,6
3943,3
3944,8
3945,6
3946,19
3947,4
3948,14
3949,17
3950,12
3951,21
3952,2
3953,3
3954,11
3955,9
3956,4
3957,16
3958,28
3959,20
3960,3
3961,17
3962,2
3963,22
3964,7
3965,7
3966,6
3967,3
3968,8
3969,2
3970,5
3971,7
3972,8
3973,7
3974,6
3975,18
3976,1
3977,1
3978,2
3979,9
3980,15
3981,2
3982,11
3983,7
3984,17
3985,23
3986,2
3987,3
3988,10
3989,12
3990,7
3991,5
3992,18
3993,3
3994,4
3995,1
3996,9
3997,3
3998,24
3999,13
4000,13
4001,6
4002,7
4003,14
4004,4
4005,18
4006,13
4007,9
4008,21
4009,2
4010,20
4011,14
4012,3
4013,3
4014,28
4015,3
4016,13
4017,17
4018,14
4019,24
4020,3
4021,10
4022,5
4023,5
4024,3
4025,4
4026,7
4027,8
4028,21
4029,9
4030,9
4031,10
4032,8
4033,1
4034,1
4035,3
4036,9
4037,17
4038,5
4039,7
4040,3
4041,17
4042,3
4043,13
4044,3
4045,6
4046,14
4047,10
4048,1
4049,10
4050,19
4051,12
4052,11
4053,21
4054,4
4055,13
4056,4
4057,10
4058,19
4059,6
4060,2
4061,24
4062,8
4063,6
4064,8
4065,5
4066,1
4067,21
4068,11
4069,11
4070,4
4071,4
4072,26
4073,11
4074,2
4075,3
4076,12
4077,20
4078,17
4079,10
4080,1
4081,8
4082,2
4083,5
4084,4
4085,4
4086,9
4087,12
4088,17
4089,11
4090,10
4091,4
4092,5
4093,11
4094,18
4095,2
4096,8
4097,1
4098,13
4099,6
4100,11
4101,4
4102,16
4103,13
4104,8
4105,13
4106,15
4107,1
4108,4
4109,11
4110,2
4111,6
4112,27
4113,17
4114,12
4115,9
4116,6
4117,5
4118,6
4119,4
4120,1
4121,8
4122,9
4123,4
4124,12
4125,10
4126,3
4127,16
4128,17
4129,14
4130,3
4131,16
4132,6
4133,5
4134,14
4135,4
4136,5
4137,6
4138,8
4139,12
4140,5
4141,4
4142,20
4143,9
4144,3
4145,10
4146,8
4147,6
4148,8
4149,8
4150,9
4151,4
4152,4
4153,23
4154,13
4155,1
4156,16
4157,21
4158,2
4159,4
4160,13
4161,7
4162,2
4163,3
4164,4
4165,8
4166,2
4167,1
4168,14
4169,13
4170,6
4171,8
4172,4
4173,4
4174,6
4175,8
4176,15
4177,3
4178,2
4179,6
4180,4
4181,9
4182,17
4183,11
4184,6
4185,14
4186,13
4187,1
4188,4
4189,4
4190,6
4191,5
4192,13
4193,4
4194,11
4195,1
4196,11
4197,5
4198,2
4199,15
4200,9
4201,2
4202,13
4203,8
4204,8
4205,3
4206,3
4207,2
4208,11
4209,1
4210,13
4211,26
4212,17
4213,8
4214,11
4215,8
4216,2
4217,10
4218,7
4219,3
4220,23
4221,13
4222,1
4223,1
4224,12
4225,4
4226,10
4227,6
4228,6
4229,10
4230,24
4231,13
4232,7
4233,17
4234,9
4235,30
4236,4
4237,16
4238,10
4239,6
4240,1
4241,4
4242,7
4243,1
4244,3
4245,7
4246,4
4247,9
4248,6
4249,12
4250,1
4251,8
4252,4
4253,22
4254,10
4255,4
4256,14
4257,10
4258,10
4259,8
4260,12
4261,6
4262,25
4263,8
4264,13
4265,13
4266,2
4267,10
4268,3
4269,2
4270,6
4271,16
4272,21
4273,23
4274,16
4275,34
4276,7
4277,23
4278,8
4279,7
4280,11
4281,6
4282,12
4283,5
4284,10
4285,13
4286,19
4287,8
4288,5
4289,1
4290,4
4291,1
4292,2
4293,9
4294,13
4295,12
4296,13
4297,2
4298,1
4299,19
4300,19
4301,6
4302,5
4303,11
4304,2
4305,7
4306,1
4307,8
4308,6
4309,9
4310,9
4311,18
4312,1
4313,6
4314,6
4315,5
4316,23
4317,3
4318,4
4319,13
4320,12
4321,1
4322,9
4323,4
4324,19
4325,11
4326,10
4327,7
4328,19
4329,16
4330,10
4331,12
4332,14
4333,4
4334,11
4335,10
4336,5
4337,9
4338,3
4339,10
4340,15
4341,12
4342,8
4343,8
4344,2
4345,3
4346,8
4347,5
4348,3
4349,9
4350,6
4351,4
4352,12
4353,5
4354,25
4355,9
4356,4
4357,7
4358,18
4359,14
4360,7
4361,6
4362,13
4363,7
4364,3
4365,3
4366,7
4367,5
4368,14
4369,4
4370,2
4371,14
4372,6
4373,7
4374,2
4375,7
4376,11
4377,14
4378,4
4379,17
4380,7
4381,2
4382,8
4383,8
4384,14
4385,7
4386,6
4387,16
4388,9
4389,2
4390,10
4391,3
4392,6
4393,8
4394,12
4395,4
4396,10
4397,4
4398,2
4399,7
4400,16
4401,6
4402,3
4403,5
4404,8
4405,2
4406,11
4407,6
4408,10
4409,14
4410,1
4411,3
4412,13
4413,11
4414,6
4415,9
4416,14
4417,3
4418,5
4419,7
4420,3
4421,8
4422,8
4423,8
4424,3
4425,16
4426,7
4427,5
4428,1
4429,1
4430,4
4431,6
4432,22
4433,1
4434,3
4435,18
4436,13
4437,24
4438,10
4439,10
4440,31
4441,13
4442,1
4443,20
4444,13
4445,4
4446,7
4447,13
4448,10
4449,9
4450,21
4451,6
4452,6
4453,13
4454,18
4455,7
4456,13
4457,29
4458,31
4459,8
4460,5
4461,5
4462,10
4463,8
4464,9
4465,7
4466,40
4467,7
4468,14
4469,7
4470,1
4471,3
4472,8
4473,12
4474,34
4475,5
4476,5
4477,17
4478,1
4479,35
4480,24
4481,13
4482,13
4483,18
4484,4
4485,32
4486,15
4487,17
4488,4
4489,18
4490,3
4491,15
4492,12
4493,12
4494,10
4495,11
4496,8
4497,13
4498,8
4499,1
4500,19
4501,8
4502,15
4503,22
4504,14
4505,9
4506,10
4507,12
4508,28
4509,13
4510,3
4511,4
4512,12
4513,24
4514,22
4515,13
4516,11
4517,15
4518,4
4519,14
4520,3
4521,16
4522,23
4523,2
4524,15
4525,9
4526,8
4527,18
4528,11
4529,2
4530,1
4531,10
4532,10
4533,5
4534,10
4535,14
4536,24
4537,3
4538,8
4539,3
4540,6
4541,8
4542,11
4543,8
4544,9
4545,22
4546,21
4547,16
4548,4
4549,8
4550,8
4551,25
4552,2
4553,21
4554,9
4555,3
4556,23
4557,1
4558,1
4559,24
4560,6
4561,4
4562,10
4563,6
4564,8
4565,5
4566,2
4567,29
4568,15
4569,6
4570,8
4571,14
4572,25
4573,11
4574,8
4575,2
4576,17
4577,11
4578,8
4579,14
4580,10
4581,1
4582,14
4583,16
4584,27
4585,16
4586,29
4587,6
4588,17
4589,15
4590,12
4591,1
4592,8
4593,24
4594,5
4595,12
4596,6
4597,4
4598,6
4599,7
4600,5
4601,12
4602,2
4603,7
4604,1
4605,10
4606,11
4607,4
4608,14
4609,14
4610,6
4611,9
4612,22
4613,1
4614,1
4615,1
4616,20
4617,4
4618,6
4619,16
4620,9
4621,15
4622,2
4623,11
4624,17
4625,8
4626,22
4627,10
4628,2
4629,17
4630,9
4631,2
4632,6
4633,16
4634,2
4635,2
4636,6
4637,19
4638,17
4639,7
4640,4
4641,1
4642,9
4643,6
4644,4
4645,19
4646,14
4647,23
4648,24
4649,12
4650,9
4651,13
4652,23
4653,12
4654,2
4655,17
4656,15
4657,12
4658,9
4659,1
4660,14
4661,6
4662,9
4663,22
4664,14
4665,12
4666,6
4667,9
4668,10
4669,2
4670,7
4671,5
4672,3
4673,3
4674,9
4675,28
4676,21
4677,17
4678,12
4679,11
4680,23
4681,8
4682,8
4683,1
4684,9
4685,10
4686,12
4687,12
4688,12
4689,13
4690,13
4691,13
4692,19
4693,1
4694,12
4695,9
4696,2
4697,13
4698,9
4699,25
4700,13
4701,23
4702,9
4703,13
4704,10
4705,14
4706,19
4707,28
4708,3
4709,8
4710,6
4711,2
4712,10
4713,7
4714,25
4715,28
4716,37
4717,34
4718,16
4719,11
4720,4
4721,10
4722,9
4723,7
4724,4
4725,16
4726,6
4727,1
4728,20
4729,23
4730,44
4731,6
4732,33
4733,2
4734,13
4735,8
4736,11
4737,10
4738,20
4739,5
4740,10
4741,8
4742,19
4743,4
4744,10
4745,1
4746,4
4747,2
4748,7
4749,21
4750,18
4751,16
4752,2
4753,9
4754,5
4755,14
4756,5
4757,7
4758,17
4759,19
4760,10
4761,8
4762,23
4763,8
4764,3
4765,6
4766,10
4767,24
4768,22
4769,4
4770,31
4771,8
4772,9
4773,14
4774,5
4775,8
4776,16
4777,8
4778,1
4779,19
4780,9
4781,1
4782,14
4783,3
4784,13
4785,12
4786,2
4787,4
4788,7
4789,1
4790,6
4791,31
4792,9
4793,3
4794,2
4795,18
4796,11
4797,11
4798,6
4799,10
4800,10
4801,8
4802,17
4803,4
4804,3
4805,8
4806,17
4807,9
4808,17
4809,17
4810,10
4811,19
4812,6
4813,13
4814,10
4815,11
4816,17
4817,16
4818,15
4819,3
4820,6
4821,23
4822,12
4823,20
4824,9
4825,11
4826,16
4827,12
4828,29
4829,4
4830,3
4831,4
4832,8
4833,6
4834,10
4835,10
4836,10
4837,19
4838,6
4839,8
4840,1
4841,17
4842,9
4843,3
4844,20
4845,9
4846,1
4847,4
4848,3
4849,3
4850,1
4851,3
4852,8
4853,33
4854,21
4855,13
4856,13
4857,12
4858,3
4859,14
4860,14
4861,7
4862,10
4863,6
4864,4
4865,1
4866,8
4867,2
4868,7
4869,2
4870,10
4871,11
4872,9
4873,14
4874,23
4875,3
4876,23
4877,4
4878,10
4879,23
4880,4
4881,7
4882,14
4883,1
4884,1
4885,25
4886,6
4887,5
4888,2
4889,11
4890,13
4891,14
4892,16
4893,11
4894,22
4895,17
4896,17
4897,6
4898,3
4899,8
4900,2
4901,13
4902,9
4903,15
4904,2
4905,2
4906,14
4907,30
4908,6
4909,3
4910,13
4911,16
4912,10
4913,5
4914,17
4915,2
4916,8
4917,4
4918,3
4919,4
4920,21
4921,1
4922,5
4923,27
4924,16
4925,5
4926,6
4927,17
4928,6
4929,17
4930,3
4931,19
4932,15
4933,4
4934,14
4935,6
4936,1
4937,1
4938,2
4939,1
4940,2
4941,1
4942,8
4943,18
4944,4
4945,9
4946,12
4947,25
4948,30
4949,21
4950,8
4951,6
4952,1
4953,8
4954,5
4955,5
4956,15
4957,1
4958,5
4959,5
4960,5
4961,12
4962,13
4963,14
4964,6
4965,4
4966,4
4967,15
4968,8
4969,8
4970,5
4971,5
4972,1
4973,6
4974,16
4975,2
4976,9
4977,6
4978,13
4979,4
4980,3
4981,1
4982,12
4983,2
4984,12
4985,7
4986,17
4987,12
4988,9
4989,6
4990,18
4991,2
4992,8
4993,12
4994,3
4995,20
4996,4
4997,9
4998,24
4999,12
5000,8
5001,4
5002,10
5003,14
5004,7
5005,3
5006,14
5007,23
5008,13
5009,18
5010,8
5011,7
5012,17
5013,4
5014,31
5015,8
5016,11
5017,7
5018,17
5019,1
5020,11
5021,12
5022,11
5023,11
5024,2
5025,1
5026,9
5027,6
5028,8
5029,13
5030,10
5031,12
5032,4
5033,11
5034,5
5035,4
5036,4
5037,5
5038,13
5039,9
5040,5
5041,2
5042,21
5043,16
5044,12
5045,10
5046,15
5047,8
5048,18
5049,1
5050,7
5051,29
5052,5
5053,3
5054,8
5055,14
5056,1
5057,4
5058,6
5059,14
5060,18
5061,7
5062,12
5063,6
5064,10
5065,1
5066,5
5067,10
5068,25
5069,5
5070,15
5071,3
5072,19
5073,3
5074,17
5075,5
5076,7
5077,1
5078,19
5079,4
5080,10
5081,21
5082,1
5083,6
5084,3
5085,10
5086,7
5087,6
5088,9
5089,1
5090,13
5091,6
5092,13
5093,4
5094,15
5095,8
5096,5
5097,6
5098,11
5099,13
5100,8
5101,5
5102,18
5103,2
5104,7
5105,8
5106,3
5107,7
5108,14
5109,14
5110,7
5111,10
5112,6
5113,5
5114,10
5115,1
5116,10
5117,5
5118,2
5119,7
5120,9
5121,6
5122,2
5123,7
5124,3
5125,6
5126,8
5127,6
5128,3
5129,19
5130,3
5131,1
5132,6
5133,12
5134,2
5135,3
5136,12
5137,39
5138,4
5139,5
5140,10
5141,2
5142,2
5143,5
5144,4
5145,4
5146,1
5147,2
5148,3
5149,22
5150,10
5151,18
5152,21
5153,8
5154,1
5155,6
5156,10
5157,10
5158,10
5159,6
5160,2
5161,8
5162,6
5163,2
5164,4
5165,8
5166,23
5167,10
5168,12
5169,4
5170,7
5171,8
5172,13
5173,6
5174,13
5175,15
5176,19
5177,7
5178,3
5179,4
5180,11
5181,3
5182,7
5183,7
5184,2
5185,18
5186,7
5187,13
5188,10
5189,11
5190,9
5191,13
5192,9
5193,4
5194,8
5195,10
5196,5
5197,25
5198,6
5199,8
5200,4
5201,11
5202,9
5203,1
5204,3
5205,15
5206,10
5207,14
5208,18
5209,3
5210,22
5211,21
5212,10
5213,4
5214,27
5215,17
5216,8
5217,2
5218,15
5219,5
5220,11
5221,9
5222,1
5223,5
5224,9
5225,3
5226,6
5227,33
5228,10
5229,3
5230,3
5231,6
5232,6
5233,14
5234,3
5235,2
5236,4
5237,1
5238,7
5239,4
5240,8
5241,11
5242,13
5243,17
5244,12
5245,3
5246,8
5247,10
5248,2
5249,3
5250,16
5251,2
5252,16
5253,6
5254,4
5255,9
5256,6
5257,36
5258,6
5259,13
5260,2
5261,26
5262,15
5263,12
5264,14
5265,8
5266,3
5267,15
5268,12
5269,1
5270,12
5271,6
5272,11
5273,8
5274,1
5275,22
5276,26
5277,14
5278,6
5279,20
5280,17
5281,4
5282,2
5283,13
5284,1
5285,11
5286,16
5287,2
5288,5
5289,5
5290,6
5291,7
5292,9
5293,1
5294,12
5295,17
5296,3
5297,16
5298,16
5299,8
5300,10
5301,5
5302,4
5303,1
5304,7
5305,4
5306,19
5307,15
5308,4
5309,5
5310,8
5311,14
5312,12
5313,17
5314,11
5315,3
5316,1
5317,2
5318,11
5319,17
5320,7
5321,12
5322,3
5323,13
5324,7
5325,10
5326,2
5327,6
5328,3
5329,11
5330,4
5331,2
5332,14
5333,3
5334,8
5335,5
5336,5
5337,17
5338,9
5339,11
5340,1
5341,1
5342,7
5343,10
5344,4
5345,17
5346,7
5347,1
5348,12
5349,5
5350,10
5351,1
5352,7
5353,19
5354,11
5355,19
5356,18
5357,21
5358,4
5359,1
5360,17
5361,2
5362,12
5363,2
5364,2
5365,9
5366,17
5367,12
5368,3
5369,17
5370,3
5371,14
5372,26
5373,5
5374,3
5375,8
5376,11
5377,15
5378,14
5379,13
5380,1
5381,4
5382,1
5383,11
5384,2
5385,3
5386,1
5387,24
5388,20
5389,15
5390,4
5391,18
5392,5
5393,2
5394,7
5395,8
5396,6
5397,2
5398,8
5399,6
5400,1
5401,5
5402,3
5403,2
5404,8
5405,7
5406,4
5407,5
5408,5
5409,4
5410,16
5411,7
5412,13
5413,4
5414,3
5415,4
5416,8
5417,9
5418,15
5419,10
5420,10
5421,21
5422,10
5423,16
5424,15
5425,3
5426,15
5427,14
5428,2
5429,14
5430,13
5431,12
5432,10
5433,8
5434,3
5435,10
5436,15
5437,11
5438,3
5439,5
5440,16
5441,6
5442,12
5443,10
5444,10
5445,9
5446,26
5447,16
5448,14
5449,1
5450,6
5451,8
5452,1
5453,8
5454,8
5455,1
5456,25
5457,7
5458,2
5459,8
5460,26
5461,5
5462,16
5463,7
5464,14
5465,8
5466,3
5467,5
5468,5
5469,26
5470,21
5471,17
5472,12
5473,6
5474,2
5475,29
5476,12
5477,12
5478,5
5479,9
5480,1
5481,13
5482,20
5483,5
5484,11
5485,26
5486,10
5487,25
5488,12
5489,9
5490,23
5491,1
5492,10
5493,25
5494,13
5495,11
5496,10
5497,15
5498,11
5499,16
5500,5
5501,12
5502,20
5503,12
5504,24
5505,15
5506,4
5507,5
5508,1
5509,3
5510,16
5511,11
5512,18
5513,5
5514,2
5515,18
5516,10
5517,6
5518,17
5519,2
5520,2
5521,13
5522,20
5523,2
5524,5
5525,12
5526,26
5527,3
5528,6
5529,9
5530,9
5531,5
5532,13
5533,6
5534,3
5535,22
5536,7
5537,2
5538,7
5539,9
5540,15
5541,3
5542,2
5543,11
5544,5
5545,20
5546,16
5547,7
5548,1
5549,18
5550,19
5551,3
5552,9
5553,2
5554,10
5555,19
5556,7
5557,17
5558,17
5559,2
5560,24
5561,4
5562,15
5563,4
5564,4
5565,6
5566,10
5567,14
5568,8
5569,7
5570,12
5571,1
5572,2
5573,7
5574,22
5575,12
5576,24
5577,7
5578,7
5579,13
5580,12
5581,8
5582,5
5583,3
5584,1
5585,11
5586,4
5587,20
5588,6
5589,13
5590,8
5591,10
5592,8
5593,10
5594,12
5595,8
5596,1
5597,19
5598,7
5599,3
5600,7
5601,19
5602,13
5603,7
5604,6
5605,12
5606,16
5607,12
5608,3
5609,14
5610,11
5611,10
5612,14
5613,10
5614,13
5615,1
5616,20
5617,7
5618,7
5619,6
5620,6
5621,3
5622,7
5623,9
5624,9
5625,5
5626,9
5627,10
5628,6
5629,3
5630,11
5631,3
5632,4
5633,2
5634,17
5635,2
5636,6
5637,3
5638,14
5639,8
5640,10
5641,13
5642,5
5643,2
5644,20
5645,12
5646,1
5647,5
5648,7
5649,11
5650,9
5651,28
5652,5
5653,19
5654,1
5655,16
5656,15
5657,12
5658,11
5659,28
5660,9
5661,8
5662,3
5663,5
5664,9
5665,22
5666,6
5667,26
5668,9
5669,3
5670,18
5671,9
5672,6
5673,1
5674,14
5675,8
5676,10
5677,8
5678,3
5679,7
5680,13
5681,19
5682,1
5683,11
5684,13
5685,5
5686,10
5687,9
5688,4
5689,13
5690,31
5691,8
5692,1
5693,19
5694,6
5695,11
5696,10
5697,3
5698,1
5699,10
5700,14
5701,4
5702,1
5703,8
5704,8
5705,28
5706,21
5707,3
5708,11
5709,4
5710,3
5711,6
5712,6
5713,3
5714,13
5715,17
5716,12
5717,4
5718,21
5719,22
5720,17
5721,11
5722,17
5723,1
5724,14
5725,11
5726,4
5727,8
5728,21
5729,7
5730,11
5731,3
5732,1
5733,10
5734,20
5735,9
5736,2
5737,10
5738,1
5739,7
5740,2
5741,15
5742,2
5743,12
5744,2
5745,8
5746,17
5747,14
5748,16
5749,4
5750,9
5751,8
5752,12
5753,12
5754,1
5755,15
5756,20
5757,2
5758,24
5759,9
5760,33
5761,9
5762,28
5763,4
5764,5
5765,26
5766,15
5767,5
5768,11
5769,16
5770,16
5771,5
5772,10
5773,11
5774,12
5775,10
5776,2
5777,5
5778,8
5779,22
5780,1
5781,22
5782,2
5783,1
5784,3
5785,7
5786,8
5787,11
5788,17
5789,9
5790,8
5791,3
5792,14
5793,1
5794,24
5795,7
5796,3
5797,8
5798,9
5799,5
5800,3
5801,20
5802,3
5803,15
5804,6
5805,3
5806,21
5807,9
5808,14
5809,1
5810,6
5811,11
5812,7
5813,18
5814,5
5815,16
5816,14
5817,2
5818,7
5819,9
5820,4
5821,2
5822,2
5823,9
5824,7
5825,1
5826,10
5827,21
5828,3
5829,4
5830,1
5831,9
5832,3
5833,8
5834,5
5835,5
5836,7
5837,11
5838,14
5839,2
5840,8
5841,12
5842,4
5843,18
5844,14
5845,15
5846,18
5847,14
5848,13
5849,16
5850,10
5851,5
5852,12
5853,3
5854,3
5855,3
5856,3
5857,1
5858,14
5859,4
5860,9
5861,16
5862,33
5863,2
5864,10
5865,13
5866,6
5867,5
5868,3
5869,4
5870,7
5871,4
5872,3
5873,10
5874,7
5875,11
5876,1
5877,3
5878,9
5879,20
5880,15
5881,9
5882,20
5883,10
5884,1
5885,19
5886,9
5887,1
5888,10
5889,2
5890,12
5891,7
5892,3
5893,5
5894,1
5895,1
5896,2
5897,11
5898,1
5899,8
5900,7
5901,2
5902,1
5903,2
5904,10
5905,3
5906,8
5907,6
5908,4
5909,1
5910,6
5911,2
5912,9
5913,26
5914,28
5915,12
5916,16
5917,29
5918,13
5919,4
5920,8
5921,12
5922,16
5923,14
5924,15
5925,13
5926,18
5927,1
5928,11
5929,29
5930,5
5931,9
5932,4
5933,1
5934,3
5935,10
5936,17
5937,19
5938,29
5939,16
5940,20
5941,22
5942,22
5943,4
5944,12
5945,5
5946,17
5947,5
5948,1
5949,16
5950,2
5951,27
5952,2
5953,13
5954,3
5955,10
5956,8
5957,6
5958,11
5959,8
5960,3
5961,6
5962,12
5963,8
5964,12
5965,3
5966,3
5967,9
5968,10
5969,5
5970,20
5971,10
5972,6
5973,7
5974,11
5975,6
5976,9
5977,14
5978,7
5979,4
5980,7
5981,7
5982,7
5983,5
5984,5
5985,1
5986,13
5987,7
5988,20
5989,11
5990,8
5991,10
5992,1
5993,24
5994,11
5995,5
5996,12
5997,18
5998,19
5999,12
6000,8
6001,1
6002,7
6003,2
6004,21
6005,13
6006,11
6007,11
6008,11
6009,5
6010,10
6011,14
6012,4
6013,18
6014,2
6015,1
6016,6
6017,16
6018,4
6019,2
6020,21
6021,15
6022,3
6023,3
6024,8
6025,6
6026,7
6027,22
6028,2
6029,11
6030,4
6031,15
6032,7
6033,12
6034,14
6035,19
6036,11
6037,7
6038,7
6039,4
6040,12
6041,7
6042,1
6043,4
6044,4
6045,2
6046,1
6047,11
6048,4
6049,4
6050,7
6051,3
6052,20
6053,1
6054,4
6055,11
6056,3
6057,4
6058,10
6059,6
6060,16
6061,4
6062,1
6063,4
6064,1
6065,9
6066,5
6067,1
6068,12
6069,17
6070,13
6071,10
6072,2
6073,10
6074,1
6075,8
6076,4
6077,5
6078,4
6079,3
6080,14
6081,3
6082,1
6083,6
6084,4
6085,3
6086,14
6087,1
6088,1
6089,6
6090,9
6091,8
6092,19
6093,5
6094,7
6095,1
6096,15
6097,9
6098,12
6099,7
6100,4
6101,6
6102,6
6103,3
6104,11
6105,2
6106,5
6107,1
6108,12
6109,9
6110,12
6111,11
6112,6
6113,2
6114,5
6115,6
6116,7
6117,3
6118,12
6119,14
6120,3
6121,8
6122,6
6123,3
6124,10
6125,3
6126,1
6127,10
6128,2
6129,13
6130,1
6131,9
6132,4
6133,12
6134,12
6135,4
6136,5
6137,4
6138,6
6139,7
6140,9
6141,1
6142,4
6143,1
6144,13
6145,4
6146,13
6147,4
6148,23
6149,12
6150,3
6151,10
6152,6
6153,7
6154,5
6155,6
6156,6
6157,5
6158,7
6159,5
6160,1
6161,13
6162,21
6163,9
6164,1
6165,4
6166,4
6167,1
6168,9
6169,1
6170,4
6171,1
6172,9
6173,1
6174,15
6175,7
6176,6
6177,10
6178,11
6179,13
6180,11
6181,8
6182,1
6183,4
6184,18
6185,24
6186,9
6187,9
6188,6
6189,11
6190,5
6191,8
6192,9
6193,3
6194,9
6195,5
6196,17
6197,1
6198,10
6199,17
6200,26
6201,4
6202,15
6203,5
6204,4
6205,10
6206,6
6207,3
6208,8
6209,4
6210,12
6211,10
6212,2
6213,3
6214,9
6215,27
6216,1
6217,19
6218,7
6219,1
6220,1
6221,10
6222,5
6223,12
6224,1
6225,7
6226,4
6227,15
6228,8
6229,2
6230,5
6231,13
6232,1
6233,9
6234,14
6235,6
6236,8
6237,17
6238,1
6239,1
6240,3
6241,3
6242,17
6243,15
6244,12
6245,11
6246,5
6247,19
6248,6
6249,5
6250,1
6251,11
6252,19
6253,18
6254,7
6255,5
6256,10
6257,1
6258,7
6259,5
6260,8
6261,9
6262,1
6263,9
6264,12
6265,4
6266,8
6267,2
6268,14
6269,4
6270,17
6271,2
6272,2
6273,10
6274,7
6275,15
6276,16
6277,4
6278,3
6279,7
6280,20
6281,3
6282,4
6283,9
6284,22
6285,7
6286,9
6287,2
6288,4
6289,4
6290,9
6291,12
6292,7
6293,6
6294,6
6295,10
6296,13
6297,5
6298,2
6299,7
6300,10
6301,1
6302,1
6303,15
6304,10
6305,2
6306,5
6307,5
6308,19
6309,3
6310,16
6311,4
6312,13
6313,25
6314,3
6315,16
6316,2
6317,5
6318,7
6319,10
6320,3
6321,8
6322,4
6323,4
6324,1
6325,4
6326,14
6327,4
6328,2
6329,12
6330,5
6331,3
6332,1
6333,4
6334,7
6335,2
6336,4
6337,7
6338,10
6339,14
6340,2
6341,2
6342,10
6343,14
6344,21
6345,14
6346,7
6347,5
6348,2
6349,7
6350,2
6351,15
6352,2
6353,3
6354,4
6355,8
6356,9
6357,25
6358,1
6359,14
6360,4
6361,2
6362,5
6363,3
6364,9
6365,7
6366,7
6367,2
6368,5
6369,2
6370,7
6371,3
6372,2
6373,21
6374,18
6375,9
6376,14
6377,8
6378,1
6379,16
6380,5
6381,4
6382,4
6383,8
6384,7
6385,7
6386,2
6387,4
6388,4
6389,6
6390,1
6391,3
6392,8
6393,10
6394,5
6395,15
6396,7
6397,3
6398,6
6399,1
6400,14
6401,5
6402,6
6403,11
6404,4
6405,16
6406,1
6407,3
6408,6
6409,7
6410,7
6411,11
6412,13
6413,19
6414,10
6415,2
6416,7
6417,8
6418,3
6419,12
6420,19
6421,10
6422,8
6423,16
6424,16
6425,4
6426,2
6427,15
6428,13
6429,14
6430,1
6431,18
6432,5
6433,1
6434,16
6435,1
6436,18
6437,15
6438,5
6439,4
6440,1
6441,3
6442,4
6443,3
6444,2
6445,1
6446,11
6447,4
6448,7
6449,5
6450,17
6451,9
6452,19
6453,1
6454,15
6455,17
6456,6
6457,1
6458,2
6459,13
6460,12
6461,7
6462,10
6463,13
6464,5
6465,4
6466,5
6467,12
6468,2
6469,12
6470,3
6471,4
6472,2
6473,1
6474,6
6475,24
6476,3
6477,5
6478,10
6479,6
6480,14
6481,5
6482,9
6483,21
6484,6
6485,23
6486,3
6487,12
6488,7
6489,5
6490,7
6491,18
6492,16
6493,7
6494,8
6495,3
6496,7
6497,2
6498,3
6499,2
6500,7
6501,2
6502,6
6503,12
6504,5
6505,14
6506,4
6507,2
6508,11
6509,3
6510,10
6511,18
6512,6
6513,8
6514,6
6515,4
6516,11
6517,8
6518,9
6519,14
6520,6
6521,15
6522,11
6523,2
6524,12
6525,8
6526,6
6527,3
6528,22
6529,11
6530,9
6531,6
6532,13
6533,4
6534,9
6535,6
6536,11
6537,6
6538,1
6539,7
6540,13
6541,4
6542,1
6543,1
6544,16
6545,5
6546,1
6547,7
6548,12
6549,1
6550,4
6551,4
6552,20
6553,15
6554,7
6555,10
6556,6
6557,20
6558,8
6559,15
6560,14
6561,12
6562,6
6563,3
6564,13
6565,12
6566,20
6567,2
6568,1
6569,3
6570,4
6571,7
6572,4
6573,10
6574,3
6575,8
6576,7
6577,10
6578,5
6579,12
6580,10
6581,1
6582,3
6583,10
6584,3
6585,6
6586,5
6587,12
6588,11
6589,19
6590,1
6591,11
6592,13
6593,1
6594,5
6595,7
6596,9
6597,1
6598,5
6599,1
6600,4
6601,6
6602,14
6603,13
6604,2
6605,5
6606,11
6607,4
6608,4
6609,11
6610,8
6611,7
6612,7
6613,7
6614,17
6615,5
6616,3
6617,5
6618,4
6619,3
6620,2
6621,10
6622,4
6623,7
6624,2
6625,1
6626,7
6627,3
6628,12
6629,9
6630,11
6631,12
6632,15
6633,5
6634,12
6635,8
6636,3
6637,8
6638,1
6639,9
6640,6
6641,2
6642,3
6643,17
6644,5
6645,2
6646,11
6647,9
6648,9
6649,19
6650,2
6651,16
6652,2
6653,4
6654,12
6655,21
6656,13
6657,6
6658,5
6659,7
6660,10
6661,8
6662,7
6663,16
6664,2
6665,4
6666,5
6667,10
6668,1
6669,7
6670,2
6671,4
6672,9
6673,5
6674,10
6675,10
6676,7
6677,6
6678,8
6679,1
6680,18
6681,12
6682,8
6683,4
6684,14
6685,3
6686,12
6687,2
6688,5
6689,4
6690,2
6691,12
6692,6
6693,7
6694,12
6695,7
6696,1
6697,15
6698,18
6699,14
6700,15
6701,4
6702,5
6703,2
6704,2
6705,13
6706,12
6707,5
6708,16
6709,7
6710,2
6711,18
6712,19
6713,7
6714,1
6715,3
6716,9
6717,9
6718,8
6719,1
6720,1
6721,6
6722,13
6723,9
6724,5
6725,8
6726,8
6727,2
6728,18
6729,1
6730,10
6731,13
6732,15
6733,8
6734,10
6735,5
6736,10
6737,12
6738,12
6739,12
6740,2
6741,7
6742,5
6743,14
6744,10
6745,12
6746,18
6747,10
6748,25
6749,3
6750,3
6751,9
6752,20
6753,11
6754,12
6755,15
6756,13
6757,4
6758,10
6759,3
6760,11
6761,17
6762,7
6763,2
6764,7
6765,15
6766,2
6767,1
6768,10
6769,3
6770,2
6771,15
6772,2
6773,8
6774,4
6775,15
6776,8
6777,9
6778,5
6779,18
6780,1
6781,2
6782,22
6783,6
6784,9
6785,2
6786,10
6787,15
6788,19
6789,5
6790,3
6791,29
6792,7
6793,1
6794,1
6795,3
6796,19
6797,6
6798,12
6799,16
6800,12
6801,5
6802,6
6803,2
6804,6
6805,18
6806,7
6807,7
6808,5
6809,3
6810,7
6811,4
6812,17
6813,1
6814,4
6815,3
6816,10
6817,16
6818,5
6819,2
6820,10
6821,8
6822,3
6823,4
6824,11
6825,2
6826,1
6827,3
6828,13
6829,1
6830,7
6831,1
6832,9
6833,24
6834,8
6835,8
6836,8
6837,9
6838,5
6839,21
6840,10
6841,2
6842,3
6843,9
6844,4
6845,4
6846,6
6847,1
6848,13
6849,8
6850,9
6851,5
6852,16
6853,1
6854,7
6855,1
6856,11
6857,2
6858,3
6859,7
6860,8
6861,2
6862,12
6863,8
6864,8
6865,12
6866,6
6867,10
6868,9
6869,9
6870,8
6871,9
6872,14
6873,10
6874,9
6875,7
6876,6
6877,3
6878,8
6879,5
6880,4
6881,6
6882,3
6883,8
6884,1
6885,2
6886,9
6887,22
6888,12
6889,8
6890,4
6891,8
6892,1
6893,2
6894,12
6895,12
6896,3
6897,8
6898,6
6899,3
6900,12
6901,7
6902,6
6903,4
6904,24
6905,5
6906,7
6907,33
6908,10
6909,12
6910,11
6911,10
6912,5
6913,16
6914,7
6915,11
6916,15
6917,13
6918,5
6919,4
6920,6
6921,14
6922,6
6923,13
6924,8
6925,7
6926,12
6927,18
6928,9
6929,1
6930,6
6931,33
6932,36
6933,16
6934,3
6935,8
6936,3
6937,2
6938,12
6939,15
6940,4
6941,18
6942,5
6943,8
6944,7
6945,19
6946,14
6947,13
6948,13
6949,23
6950,2
6951,4
6952,1
6953,7
6954,11
6955,6
6956,3
6957,3
6958,8
6959,22
6960,24
6961,9
6962,1
6963,6
6964,3
6965,11
6966,1
6967,8
6968,40
6969,7
6970,24
6971,2
6972,15
6973,6
6974,12
6975,15
6976,18
6977,13
6978,5
6979,16
6980,2
6981,18
6982,17
6983,4
6984,7
6985,10
6986,19
6987,2
6988,5
6989,19
6990,15
6991,8
6992,15
6993,4
6994,6
6995,6
6996,3
6997,3
6998,9
6999,4
7000,2
7001,1
7002,16
7003,3
7004,3
7005,17
7006,16
7007,22
7008,16
7009,3
7010,10
7011,16
7012,3
7013,2
7014,2
7015,1
7016,15
7017,3
7018,9
7019,14
7020,1
7021,11
7022,3
7023,19
7024,9
7025,14
7026,7
7027,3
7028,16
7029,17
7030,22
7031,25
7032,2
7033,1
7034,15
7035,19
7036,2
7037,21
7038,4
7039,1
7040,19
7041,7
7042,3
7043,16
7044,9
7045,12
7046,13
7047,18
7048,23
7049,29
7050,6
7051,22
7052,24
7053,11
7054,16
7055,21
7056,2
7057,15
7058,14
7059,20
7060,12
7061,27
7062,5
7063,17
7064,13
7065,1
7066,8
7067,4
7068,2
7069,1
7070,22
7071,5
7072,5
7073,3
7074,6
7075,18
7076,6
7077,9
7078,5
7079,16
7080,5
7081,3
7082,9
7083,9
7084,12
7085,4
7086,14
7087,6
7088,5
7089,20
7090,17
7091,13
7092,9
7093,10
7094,13
7095,18
7096,2
7097,6
7098,17
7099,7
7100,15
7101,22
7102,7
7103,5
7104,7
7105,10
7106,8
7107,5
7108,22
7109,23
7110,5
7111,9
7112,14
7113,4
7114,4
7115,3
7116,9
7117,6
7118,7
7119,13
7120,7
7121,8
7122,4
7123,17
7124,17
7125,13
7126,5
7127,16
7128,9
7129,17
7130,38
7131,15
7132,4
7133,8
7134,1
7135,16
7136,8
7137,9
7138,12
7139,11
7140,16
7141,5
7142,2
7143,3
7144,15
7145,17
7146,3
7147,3
7148,11
7149,4
7150,14
7151,27
7152,2
7153,18
7154,2
7155,13
7156,12
7157,6
7158,12
7159,1
7160,9
7161,12
7162,1
7163,12
7164,19
7165,10
7166,8
7167,6
7168,11
7169,8
7170,5
7171,13
7172,5
7173,5
7174,8
7175,13
7176,17
7177,17
7178,2
7179,18
7180,6
7181,17
7182,5
7183,5
7184,8
7185,6
7186,7
7187,2
7188,18
7189,29
7190,9
7191,2
7192,14
7193,9
7194,16
7195,1
7196,4
7197,6
7198,7
7199,19
7200,15
7201,9
7202,2
7203,20
7204,17
7205,26
7206,35
7207,2
7208,3
7209,10
7210,30
7211,16
7212,9
7213,35
7214,5
7215,14
7216,13
7217,25
7218,2
7219,30
7220,8
7221,15
7222,1
7223,20
7224,21
7225,18
7226,3
7227,14
7228,16
7229,4
7230,18
7231,8
7232,21
7233,9
7234,18
7235,5
7236,3
7237,16
7238,29
7239,14
7240,21
7241,22
7242,5
7243,21
7244,15
7245,35
7246,14
7247,18
7248,11
7249,1
7250,36
7251,8
7252,6
7253,3
7254,12
7255,11
7256,15
7257,20
7258,1
7259,7
7260,2
7261,7
7262,2
7263,14
7264,8
7265,15
7266,6
7267,2
7268,3
7269,25
7270,13
7271,8
7272,6
7273,7
7274,31
7275,4
7276,3
7277,30
7278,4
7279,24
7280,8
7281,22
7282,26
7283,2
7284,8
7285,7
7286,20
7287,4
7288,25
7289,10
7290,20
7291,1
7292,11
7293,19
7294,19
7295,11
7296,8
7297,5
7298,20
7299,6
7300,29
7301,14
7302,11
7303,46
7304,15
7305,21
7306,5
7307,18
7308,5
7309,10
7310,6
7311,1
7312,20
7313,8
7314,3
7315,1
7316,5
7317,1
7318,7
7319,10
7320,7
7321,3
7322,5
7323,14
7324,14
7325,5
7326,4
7327,5
7328,34
7329,28
7330,19
7331,6
7332,12
7333,7
7334,12
7335,5
7336,7
7337,14
7338,9
7339,1
7340,8
7341,18
7342,5
7343,31
7344,10
7345,9
7346,15
7347,22
7348,10
7349,20
7350,6
7351,21
7352,8
7353,12
7354,15
7355,15
7356,7
7357,2
7358,1
7359,21
7360,17
7361,10
7362,13
7363,34
7364,3
7365,2
7366,8
7367,16
7368,23
7369,7
7370,27
7371,2
7372,9
7373,13
7374,3
7375,14
7376,12
7377,1
7378,6
7379,8
7380,8
7381,7
7382,25
7383,3
7384,4
7385,7
7386,16
7387,13
7388,5
7389,17
7390,9
7391,12
7392,14
7393,8
7394,4
7395,25
7396,11
7397,11
7398,36
7399,20
7400,10
7401,26
7402,28
7403,24
7404,1
7405,21
7406,6
7407,17
7408,8
7409,15
7410,18
7411,20
7412,1
7413,15
7414,23
7415,11
7416,2
7417,19
7418,6
7419,4
7420,3
7421,8
7422,12
7423,27
7424,4
7425,14
7426,25
7427,11
7428,12
7429,4
7430,3
7431,3
7432,3
7433,4
7434,6
7435,5
7436,29
7437,12
7438,15
7439,4
7440,11
7441,1
7442,13
7443,8
7444,16
7445,3
7446,5
7447,5
7448,1
7449,4
7450,5
7451,3
7452,7
7453,19
7454,1
7455,15
7456,7
7457,1
7458,7
7459,6
7460,9
7461,15
7462,14
7463,5
7464,16
7465,10
7466,6
7467,2
7468,5
7469,1
7470,1
7471,11
7472,4
7473,6
7474,1
7475,8
7476,6
7477,14
7478,19
7479,20
7480,11
7481,1
7482,18
7483,10
7484,18
7485,11
7486,6
7487,17
7488,5
7489,27
7490,5
7491,1
7492,7
7493,15
7494,4
7495,16
7496,2
7497,15
7498,11
7499,2
7500,1
7501,14
7502,8
7503,2
7504,10
7505,14
7506,12
7507,7
7508,12
7509,4
7510,8
7511,11
7512,6
7513,7
7514,9
7515,3
7516,7
7517,12
7518,5
7519,14
7520,19
7521,3
7522,13
7523,8
7524,6
7525,12
7526,4
7527,4
7528,5
7529,9
7530,12
7531,1
7532,3
7533,4
7534,18
7535,14
7536,1
7537,3
7538,19
7539,7
7540,14
7541,8
7542,12
7543,8
7544,7
7545,6
7546,6
7547,4
7548,2
7549,3
7550,3
7551,8
7552,6
7553,6
7554,20
7555,2
7556,16
7557,2
7558,2
7559,7
7560,3
7561,6
7562,5
7563,16
7564,3
7565,4
7566,3
7567,2
7568,8
7569,3
7570,8
7571,1
7572,4
7573,11
7574,1
7575,6
7576,3
7577,18
7578,13
7579,6
7580,5
7581,13
7582,1
7583,3
7584,9
7585,8
7586,6
7587,6
7588,4
7589,11
7590,5
7591,13
7592,8
7593,15
7594,8
7595,5
7596,5
7597,2
7598,9
7599,19
7600,1
7601,6
7602,1
7603,5
7604,1
7605,9
7606,9
7607,13
7608,7
7609,4
7610,6
7611,1
7612,9
7613,3
7614,3
7615,5
7616,11
7617,3
7618,1
7619,7
7620,14
7621,10
7622,9
7623,6
7624,5
7625,12
7626,3
7627,6
7628,8
7629,3
7630,16
7631,24
7632,2
7633,11
7634,7
7635,6
7636,10
7637,3
7638,1
7639,6
7640,4
7641,3
7642,2
7643,7
7644,15
7645,19
7646,1
7647,29
7648,10
7649,6
7650,14
7651,13
7652,4
7653,11
7654,5
7655,5
7656,19
7657,11
7658,1
7659,2
7660,3
7661,6
7662,1
7663,5
7664,18
7665,3
7666,12
7667,12
7668,4
7669,3
7670,15
7671,15
7672,8
7673,9
7674,8
7675,11
7676,9
7677,5
7678,6
7679,14
7680,5
7681,11
7682,15
7683,2
7684,8
7685,23
7686,2
7687,16
7688,7
7689,2
7690,4
7691,4
7692,2
7693,1
7694,7
7695,14
7696,7
7697,1
7698,15
7699,7
7700,11
7701,10
7702,9
7703,7
7704,1
7705,13
7706,2
7707,8
7708,19
7709,5
7710,1
7711,6
7712,2
7713,9
7714,16
7715,5
7716,9
7717,7
7718,5
7719,1
7720,7
7721,17
7722,7
7723,9
7724,9
7725,8
7726,17
7727,11
7728,7
7729,10
7730,3
7731,1
7732,3
7733,16
7734,6
7735,3
7736,7
7737,9
7738,1
7739,2
7740,28
7741,3
7742,9
7743,6
7744,6
7745,9
7746,4
7747,10
7748,8
7749,10
7750,3
7751,2
7752,1
7753,7
7754,6
7755,3
7756,3
7757,1
7758,1
7759,13
7760,2
7761,7
7762,7
7763,3
7764,10
7765,4
7766,4
7767,5
7768,17
7769,19
7770,3
7771,4
7772,9
7773,3
7774,10
7775,5
7776,11
7777,4
7778,8
7779,10
7780,7
7781,12
7782,3
7783,2
7784,8
7785,6
7786,12
7787,4
7788,3
7789,10
7790,10
7791,6
7792,7
7793,10
7794,8
7795,10
7796,8
7797,3
7798,13
7799,9
7800,19
7801,3
7802,4
7803,2
7804,8
7805,6
7806,4
7807,1
7808,1
7809,4
7810,2
7811,14
7812,3
7813,10
7814,5
7815,4
7816,7
7817,7
7818,5
7819,18
7820,2
7821,9
7822,2
7823,8
7824,4
7825,12
7826,5
7827,3
7828,8
7829,2
7830,4
7831,6
7832,10
7833,6
7834,2
7835,8
7836,7
7837,2
7838,11
7839,12
7840,1
7841,11
7842,8
7843,9
7844,3
7845,9
7846,4
7847,4
7848,1
7849,16
7850,6
7851,6
7852,14
7853,6
7854,16
7855,15
7856,12
7857,2
7858,13
7859,4
7860,2
7861,3
7862,14
7863,4
7864,1
7865,5
7866,12
7867,4
7868,10
7869,3
7870,7
7871,6
7872,6
7873,10
7874,4
7875,3
7876,15
7877,18
7878,1
7879,8
7880,9
7881,12
7882,3
7883,2
7884,6
7885,6
7886,12
7887,11
7888,1
7889,1
7890,5
7891,5
7892,6
7893,12
7894,9
7895,13
7896,6
7897,13
7898,4
7899,1
7900,10
7901,10
7902,1
7903,15
7904,11
7905,17
7906,4
7907,4
7908,10
7909,9
7910,6
7911,12
7912,4
7913,13
7914,11
7915,17
7916,3
7917,10
7918,19
7919,15
7920,11
7921,4
7922,6
7923,6
7924,7
7925,6
7926,4
7927,2
7928,7
7929,10
7930,9
7931,4
7932,7
7933,14
7934,7
7935,10
7936,2
7937,12
7938,1
7939,16
7940,4
7941,4
7942,2
7943,3
7944,24
7945,13
7946,8
7947,2
7948,8
7949,7
7950,17
7951,7
7952,15
7953,6
7954,2
7955,7
7956,3
7957,8
7958,3
7959,7
7960,13
7961,10
7962,8
7963,14
7964,6
7965,9
7966,4
7967,4
7968,20
7969,7
7970,9
7971,3
7972,9
7973,10
7974,11
7975,8
7976,2
7977,10
7978,12
7979,13
7980,4
7981,5
7982,7
7983,4
7984,20
7985,3
7986,8
7987,7
7988,13
7989,2
7990,9
7991,10
7992,17
7993,8
7994,3
7995,8
7996,1
7997,1
7998,1
7999,10
8000,25
8001,4
8002,8
8003,1
8004,15
8005,6
8006,4
8007,7
8008,8
8009,2
8010,9
8011,1
8012,1
8013,9
8014,11
8015,1
8016,3
8017,5
8018,13
8019,9
8020,24
8021,9
8022,3
8023,1
8024,19
8025,6
8026,4
8027,4
8028,1
8029,11
8030,9
8031,3
8032,8
8033,26
8034,6
8035,4
8036,7
8037,21
8038,15
8039,3
8040,15
8041,15
8042,19
8043,4
8044,18
8045,4
8046,13
8047,7
8048,14
8049,7
8050,7
8051,2
8052,1
8053,14
8054,4
8055,14
8056,3
8057,7
8058,10
8059,2
8060,11
8061,1
8062,18
8063,7
8064,6
8065,2
8066,13
8067,1
8068,8
8069,10
8070,9
8071,2
8072,7
8073,2
8074,7
8075,6
8076,16
8077,3
8078,3
8079,1
8080,2
8081,5
8082,13
8083,5
8084,13
8085,5
8086,7
8087,25
8088,4
8089,11
8090,10
8091,7
8092,3
8093,8
8094,3
8095,2
8096,10
8097,13
8098,12
8099,10
8100,15
8101,13
8102,3
8103,8
8104,8
8105,6
8106,4
8107,8
8108,10
8109,5
8110,12
8111,1
8112,7
8113,7
8114,20
8115,12
8116,13
8117,6
8118,7
8119,15
8120,19
8121,9
8122,2
8123,6
8124,1
8125,13
8126,19
8127,8
8128,11
8129,8
8130,11
8131,6
8132,12
8133,4
8134,6
8135,2
8136,4
8137,4
8138,1
8139,13
8140,13
8141,9
8142,24
8143,15
8144,9
8145,5
8146,15
8147,2
8148,19
8149,5
8150,1
8151,17
8152,2
8153,7
8154,9
8155,6
8156,10
8157,10
8158,10
8159,1
8160,1
8161,10
8162,15
8163,2
8164,23
8165,18
8166,12
8167,3
8168,3
8169,3
8170,19
8171,23
8172,6
8173,5
8174,4
8175,4
8176,21
8177,10
8178,15
8179,11
8180,33
8181,18
8182,13
8183,12
8184,8
8185,8
8186,1
8187,8
8188,5
8189,10
8190,6
8191,11
8192,8
8193,1
8194,18
8195,13
8196,17
8197,15
8198,3
8199,15
8200,13
8201,7
8202,1
8203,5
8204,6
8205,3
8206,2
8207,15
8208,1
8209,15
8210,7
8211,10
8212,10
8213,10
8214,13
8215,10
8216,12
8217,4
8218,6
8219,2
8220,8
8221,2
8222,9
8223,12
8224,9
8225,6
8226,1
8227,2
8228,9
8229,11
8230,11
8231,16
8232,15
8233,24
8234,23
8235,22
8236,1
8237,15
8238,3
8239,6
8240,11
8241,4
8242,7
8243,1
8244,7
8245,7
8246,5
8247,6
8248,9
8249,7
8250,7
8251,1
8252,1
8253,2
8254,12
8255,4
8256,12
8257,3
8258,1
8259,9
8260,2
8261,8
8262,1
8263,23
8264,22
8265,12
8266,4
8267,14
8268,8
8269,8
8270,5
8271,11
8272,19
8273,9
8274,9
8275,1
8276,21
8277,1
8278,15
8279,10
8280,14
8281,1
8282,3
8283,2
8284,10
8285,1
8286,20
8287,4
8288,15
8289,2
8290,5
8291,9
8292,11
8293,39
8294,11
8295,22
8296,2
8297,3
8298,5
8299,5
8300,2
8301,2
8302,15
8303,3
8304,6
8305,1
8306,6
8307,2
8308,3
8309,23
8310,5
8311,2
8312,2
8313,1
8314,5
8315,9
8316,3
8317,5
8318,18
8319,16
8320,14
8321,13
8322,11
8323,13
8324,9
8325,2
8326,1
8327,4
8328,7
8329,5
8330,7
8331,13
8332,3
8333,4
8334,4
8335,7
8336,6
8337,27
8338,7
8339,18
8340,6
8341,14
8342,7
8343,3
8344,4
8345,6
8346,3
8347,16
8348,2
8349,4
8350,11
8351,14
8352,9
8353,8
8354,9
8355,14
8356,8
8357,20
8358,12
8359,14
8360,16
8361,11
8362,1
8363,7
8364,1
8365,5
8366,8
8367,10
8368,3
8369,5
8370,4
8371,10
8372,21
8373,3
8374,8
8375,8
8376,8
8377,3
8378,7
8379,12
8380,14
8381,12
8382,13
8383,7
8384,1
8385,16
8386,6
8387,11
8388,1
8389,19
8390,7
8391,14
8392,25
8393,14
8394,5
8395,9
8396,7
8397,17
8398,8
8399,6
8400,18
8401,4
8402,3
8403,18
8404,12
8405,12
8406,10
8407,12
8408,6
8409,18
8410,11
8411,16
8412,8
8413,12
8414,18
8415,3
8416,12
8417,10
8418,26
8419,6
8420,6
8421,12
8422,3
8423,5
8424,11
8425,7
8426,10
8427,14
8428,12
8429,12
8430,25
8431,1
8432,2
8433,9
8434,11
8435,7
8436,3
8437,3
8438,4
8439,1
8440,1
8441,7
8442,7
8443,13
8444,10
8445,14
8446,10
8447,3
8448,5
8449,7
8450,3
8451,5
8452,10
8453,1
8454,5
8455,8
8456,10
8457,16
8458,8
8459,3
8460,19
8461,15
8462,11
8463,16
8464,4
8465,22
8466,8
8467,7
8468,24
8469,16
8470,10
8471,7
8472,1
8473,12
8474,13
8475,6
8476,5
8477,22
8478,1
8479,34
8480,7
8481,12
8482,15
8483,8
8484,7
8485,3
8486,5
8487,13
8488,10
8489,3
8490,12
8491,1
8492,19
8493,12
8494,9
8495,16
8496,26
8497,1
8498,16
8499,5
8500,8
8501,8
8502,29
8503,8
8504,3
8505,21
8506,15
8507,18
8508,13
8509,18
8510,21
8511,15
8512,7
8513,3
8514,4
8515,21
8516,5
8517,1
8518,4
8519,18
8520,8
8521,3
8522,12
8523,4
8524,5
8525,6
8526,5
8527,1
8528,19
8529,8
8530,5
8531,3
8532,4
8533,1
8534,12
8535,13
8536,2
8537,3
8538,4
8539,4
8540,17
8541,14
8542,1
8543,19
8544,18
8545,15
8546,27
8547,8
8548,16
8549,15
8550,1
8551,10
8552,3
8553,16
8554,2
8555,20
8556,4
8557,1
8558,2
8559,8
8560,19
8561,10
8562,7
8563,9
8564,4
8565,10
8566,2
8567,14
8568,10
8569,24
8570,1
8571,6
8572,5
8573,5
8574,9
8575,19
8576,10
8577,14
8578,12
8579,10
8580,11
8581,6
8582,20
8583,6
8584,8
8585,19
8586,10
8587,3
8588,1
8589,7
8590,1
8591,4
8592,13
8593,1
8594,6
8595,12
8596,12
8597,4
8598,3
8599,12
8600,2
8601,5
8602,1
8603,13
8604,4
8605,16
8606,5
8607,6
8608,26
8609,17
8610,15
8611,9
8612,2
8613,7
8614,8
8615,17
8616,9
8617,9
8618,2
8619,11
8620,3
8621,27
8622,5
8623,9
8624,3
8625,20
8626,15
8627,8
8628,2
8629,25
8630,1
8631,19
8632,4
8633,2
8634,13
8635,21
8636,20
8637,23
8638,6
8639,1
8640,1
8641,5
8642,13
8643,13
8644,5
8645,6
8646,3
8647,3
8648,3
8649,5
8650,18
8651,2
8652,16
8653,12
8654,11
8655,1
8656,12
8657,3
8658,10
8659,17
8660,17
8661,4
8662,6
8663,14
8664,7
8665,12
8666,13
8667,27
8668,6
8669,15
8670,2
8671,13
8672,14
8673,20
8674,28
8675,43
8676,16
8677,1
8678,11
8679,9
8680,17
8681,5
8682,18
8683,4
8684,15
8685,1
8686,12
8687,5
8688,19
8689,21
8690,35
8691,3
8692,29
8693,9
8694,13
8695,20
8696,9
8697,4
8698,12
8699,6
8700,2
8701,7
8702,8
8703,6
8704,9
8705,6
8706,8
8707,11
8708,17
8709,6
8710,10
8711,5
8712,11
8713,4
8714,6
8715,4
8716,19
8717,21
8718,25
8719,1
8720,22
8721,2
8722,15
8723,7
8724,8
8725,17
8726,14
8727,2
8728,27
8729,20
8730,7
8731,1
8732,28
8733,6
8734,6
8735,31
8736,15
8737,4
8738,9
8739,6
8740,2
8741,10
8742,9
8743,11
8744,6
8745,12
8746,3
8747,6
8748,5
8749,17
8750,15
8751,2
8752,12
8753,2
8754,7
8755,9
8756,2
8757,7
8758,7
8759,18
8760,7
8761,12
8762,2
8763,3
8764,21
8765,5
8766,6
8767,6
8768,12
8769,1
8770,13
8771,4
8772,7
8773,19
8774,1
8775,17
8776,22
8777,6
8778,6
8779,7
8780,2
8781,13
8782,7
8783,21
8784,9
8785,20
8786,18
8787,7
8788,7
8789,12
8790,24
8791,4
8792,8
8793,12
8794,9
8795,9
8796,10
8797,8
8798,9
8799,4
8800,15
8801,20
8802,7
8803,9
8804,13
8805,6
8806,3
8807,8
8808,3
8809,26
8810,7
8811,7
8812,15
8813,33
8814,17
8815,7
8816,14
8817,4
8818,17
8819,8
8820,12
8821,1
8822,10
8823,3
8824,5
8825,6
8826,6
8827,2
8828,4
8829,10
8830,15
8831,2
8832,14
8833,18
8834,12
8835,1
8836,14
8837,5
8838,5
8839,3
8840,2
8841,13
8842,4
8843,2
8844,2
8845,16
8846,6
8847,2
8848,23
8849,1
8850,17
8851,13
8852,9
8853,6
8854,8
8855,4
8856,13
8857,3
8858,5
8859,6
8860,4
8861,10
8862,11
8863,16
8864,1
8865,1
8866,12
8867,19
8868,12
8869,1
8870,11
8871,10
8872,7
8873,5
8874,8
8875,9
8876,11
8877,1
8878,8
8879,1
8880,28
8881,1
8882,5
8883,9
8884,8
8885,1
8886,11
8887,10
8888,15
8889,7
8890,19
8891,3
8892,5
8893,4
8894,10
8895,29
8896,10
8897,17
8898,24
8899,13
8900,2
8901,5
8902,13
8903,13
8904,14
8905,4
8906,20
8907,21
8908,21
8909,9
8910,12
8911,19
8912,31
8913,28
8914,16
8915,6
8916,3
8917,6
8918,19
8919,6
8920,3
8921,5
8922,6
8923,12
8924,4
8925,20
8926,10
8927,10
8928,1
8929,20
8930,7
8931,7
8932,7
8933,8
8934,33
8935,14
8936,19
8937,5
8938,1
8939,13
8940,22
8941,10
8942,14
8943,1
8944,4
8945,15
8946,10
8947,7
8948,5
8949,18
8950,26
8951,4
8952,7
8953,8
8954,12
8955,14
8956,19
8957,14
8958,22
8959,4
8960,14
8961,13
8962,13
8963,4
8964,34
8965,9
8966,23
8967,10
8968,8
8969,16
8970,4
8971,8
8972,7
8973,4
8974,19
8975,5
8976,11
8977,11
8978,3
8979,2
8980,11
8981,11
8982,4
8983,21
8984,1
8985,17
8986,11
8987,21
8988,5
8989,8
8990,25
8991,6
8992,3
8993,1
8994,10
8995,8
8996,2
8997,20
8998,13
8999,6
9000,2
9001,31
9002,8
9003,22
9004,15
9005,19
9006,20
9007,1
9008,2
9009,8
9010,13
9011,5
9012,3
9013,1
9014,23
9015,2
9016,1
9017,22
9018,1
9019,16
9020,14
9021,5
9022,27
9023,20
9024,12
9025,9
9026,3
9027,4
9028,12
9029,7
9030,11
9031,3
9032,21
9033,8
9034,1
9035,14
9036,18
9037,2
9038,5
9039,24
9040,7
9041,20
9042,5
9043,21
9044,10
9045,2
9046,5
9047,10
9048,22
9049,2
9050,6
9051,7
9052,13
9053,11
9054,6
9055,23
9056,7
9057,5
9058,12
9059,3
9060,15
9061,4
9062,11
9063,19
9064,15
9065,6
9066,15
9067,6
9068,5
9069,1
9070,15
9071,15
9072,6
9073,5
9074,3
9075,14
9076,11
9077,18
9078,10
9079,3
9080,12
9081,20
9082,4
9083,3
9084,35
9085,8
9086,7
9087,11
9088,1
9089,15
9090,2
9091,4
9092,9
9093,10
9094,5
9095,18
9096,4
9097,13
9098,1
9099,5
9100,5
9101,4
9102,8
9103,4
9104,16
9105,14
9106,9
9107,11
9108,3
9109,14
9110,7
9111,10
9112,8
9113,3
9114,1
9115,8
9116,20
9117,3
9118,10
9119,9
9120,20
9121,1
9122,14
9123,7
9124,21
9125,10
9126,9
9127,1
9128,10
9129,19
9130,9
9131,12
9132,18
9133,16
9134,6
9135,11
9136,18
9137,2
9138,19
9139,12
9140,9
9141,8
9142,25
9143,8
9144,1
9145,4
9146,7
9147,3
9148,11
9149,17
9150,5
9151,4
9152,19
9153,4
9154,13
9155,18
9156,27
9157,4
9158,9
9159,8
9160,11
9161,9
9162,25
9163,8
9164,13
9165,11
9166,1
9167,16
9168,6
9169,5
9170,6
9171,29
9172,17
9173,16
9174,33
9175,15
9176,19
9177,4
9178,6
9179,11
9180,26
9181,9
9182,3
9183,6
9184,4
9185,18
9186,22
9187,7
9188,12
9189,7
9190,16
9191,17
9192,1
9193,12
9194,1
9195,9
9196,6
9197,5
9198,6
9199,8
9200,4
9201,17
9202,5
9203,20
9204,29
9205,20
9206,5
9207,8
9208,15
9209,10
9210,5
9211,27
9212,28
9213,8
9214,18
9215,20
9216,1
9217,12
9218,17
9219,2
9220,1
9221,3
9222,9
9223,16
9224,9
9225,24
9226,1
9227,4
9228,15
9229,11
9230,28
9231,13
9232,1
9233,11
9234,16
9235,21
9236,1
9237,5
9238,3
9239,2
9240,14
9241,4
9242,6
9243,11
9244,9
9245,2
9246,2
9247,6
9248,7
9249,3
9250,1
9251,9
9252,7
9253,3
9254,17
9255,4
9256,9
9257,33
9258,10
9259,22
9260,12
9261,12
9262,22
9263,21
9264,16
9265,9
9266,27
9267,6
9268,17
9269,2
9270,10
9271,9
9272,4
9273,9
9274,18
9275,4
9276,3
9277,4
9278,19
9279,6
9280,26
9281,4
9282,23
9283,2
9284,12
9285,25
9286,6
9287,1
9288,9
9289,1
9290,15
9291,12
9292,10
9293,4
9294,6
9295,1
9296,25
9297,4
9298,8
9299,28
9300,7
9301,4
9302,2
9303,8
9304,16
9305,7
9306,9
9307,7
9308,19
9309,12
9310,4
9311,17
9312,7
9313,27
9314,4
9315,5
9316,17
9317,17
9318,11
9319,8
9320,15
9321,2
9322,2
9323,20
9324,2
9325,11
9326,10
9327,26
9328,12
9329,24
9330,15
9331,10
9332,3
9333,1
9334,5
9335,12
9336,5
9337,4
9338,11
9339,19
9340,21
9341,2
9342,7
9343,20
9344,16
9345,5
9346,2
9347,14
9348,20
9349,3
9350,24
9351,18
9352,10
9353,11
9354,1
9355,7
9356,8
9357,2
9358,7
9359,8
9360,3
9361,10
9362,11
9363,13
9364,7
9365,5
9366,12
9367,4
9368,3
9369,8
9370,19
9371,6
9372,1
9373,3
9374,1
9375,14
9376,11
9377,1
9378,18
9379,15
9380,2
9381,5
9382,23
9383,2
9384,11
9385,4
9386,16
9387,5
9388,1
9389,8
9390,11
9391,2
9392,7
9393,7
9394,13
9395,14
9396,18
9397,19
9398,7
9399,3
9400,4
9401,19
9402,13
9403,31
9404,19
9405,5
9406,33
9407,5
9408,12
9409,11
9410,5
9411,18
9412,7
9413,4
9414,15
9415,7
9416,19
9417,3
9418,19
9419,8
9420,29
9421,9
9422,17
9423,12
9424,13
9425,20
9426,9
9427,14
9428,1
9429,18
9430,10
9431,22
9432,9
9433,14
9434,3
9435,6
9436,8
9437,17
9438,5
9439,4
9440,9
9441,5
9442,17
9443,9
9444,13
9445,12
9446,2
9447,16
9448,19
9449,7
9450,20
9451,2
9452,13
9453,33
9454,1
9455,4
9456,14
9457,3
9458,6
9459,6
9460,10
9461,18
9462,25
9463,1
9464,25
9465,10
9466,7
9467,25
9468,4
9469,22
9470,11
9471,8
9472,3
9473,20
9474,8
9475,17
9476,12
9477,17
9478,12
9479,1
9480,6
9481,13
9482,11
9483,3
9484,14
9485,26
9486,8
9487,1
9488,4
9489,21
9490,5
9491,11
9492,2
9493,7
9494,13
9495,20
9496,18
9497,23
9498,23
9499,14
9500,29
9501,12
9502,1
9503,5
9504,10
9505,4
9506,21
9507,1
9508,5
9509,28
9510,24
9511,3
9512,2
9513,3
9514,13
9515,8
9516,8
9517,15
9518,4
9519,12
9520,10
9521,11
9522,8
9523,5
9524,21
9525,15
9526,10
9527,12
9528,4
9529,5
9530,11
9531,19
9532,7
9533,17
9534,13
9535,2
9536,15
9537,1
9538,2
9539,14
9540,5
9541,5
9542,2
9543,21
9544,1
9545,16
9546,3
9547,9
9548,5
9549,3
9550,3
9551,3
9552,4
9553,10
9554,6
9555,11
9556,8
9557,2
9558,12
9559,1
9560,4
9561,20
9562,11
9563,6
9564,7
9565,9
9566,1
9567,6
9568,7
9569,3
9570,6
9571,11
9572,6
9573,1
9574,15
9575,4
9576,21
9577,5
9578,5
9579,18
9580,6
9581,5
9582,16
9583,3
9584,4
9585,9
9586,12
9587,14
9588,11
9589,7
9590,2
9591,6
9592,1
9593,9
9594,2
9595,4
9596,6
9597,6
9598,12
9599,7
9600,6
9601,11
9602,10
9603,5
9604,9
9605,27
9606,10
9607,8
9608,7
9609,3
9610,16
9611,28
9612,5
9613,1
9614,11
9615,7
9616,18
9617,7
9618,5
9619,3
9620,2
9621,17
9622,2
9623,3
9624,19
9625,15
9626,23
9627,29
9628,9
9629,8
9630,22
9631,7
9632,13
9633,10
9634,22
9635,8
9636,17
9637,19
9638,11
9639,12
9640,11
9641,8
9642,12
9643,12
9644,12
9645,1
9646,13
9647,5
9648,11
9649,30
9650,29
9651,11
9652,4
9653,19
9654,7
9655,5
9656,5
9657,3
9658,8
9659,19
9660,5
9661,2
9662,16
9663,12
9664,29
9665,29
9666,17
9667,22
9668,2
9669,9
9670,2
9671,6
9672,4
9673,5
9674,1
9675,16
9676,3
9677,7
9678,13
9679,23
9680,11
9681,22
9682,27
9683,2
9684,2
9685,22
9686,10
9687,7
9688,16
9689,3
9690,2
9691,7
9692,18
9693,6
9694,19
9695,5
9696,12
9697,12
9698,21
9699,4
9700,1
9701,10
9702,4
9703,1
9704,8
9705,1
9706,25
9707,8
9708,10
9709,3
9710,22
9711,1
9712,13
9713,5
9714,8
9715,17
9716,9
9717,1
9718,25
9719,33
9720,28
9721,1
9722,20
9723,9
9724,4
9725,1
9726,14
9727,7
9728,8
9729,8
9730,19
9731,12
9732,2
9733,8
9734,4
9735,9
9736,4
9737,6
9738,12
9739,14
9740,15
9741,7
9742,9
9743,4
9744,8
9745,1
9746,10
9747,7
9748,14
9749,15
9750,4
9751,9
9752,25
9753,1
9754,7
9755,3
9756,1
9757,15
9758,19
9759,9
9760,7
9761,11
9762,3
9763,7
9764,5
9765,21
9766,3
9767,9
9768,9
9769,9
9770,14
9771,27
9772,7
9773,16
9774,10
9775,17
9776,1
9777,13
9778,32
9779,10
9780,5
9781,1
9782,1
9783,5
9784,1
9785,3
9786,2
9787,6
9788,4
9789,5
9790,2
9791,8
9792,3
9793,6
9794,19
9795,6
9796,4
9797,3
9798,11
9799,6
9800,9
9801,7
9802,4
9803,9
9804,13
9805,3
9806,4
9807,17
9808,10
9809,1
9810,6
9811,7
9812,7
9813,10
9814,7
9815,1
9816,13
9817,2
9818,21
9819,1
9820,9
9821,3
9822,30
9823,13
9824,9
9825,12
9826,3
9827,8
9828,1
9829,15
9830,1
9831,4
9832,9
9833,6
9834,5
9835,1
9836,6
9837,5
9838,6
9839,3
9840,5
9841,8
9842,2
9843,13
9844,13
9845,7
9846,18
9847,6
9848,3
9849,8
9850,3
9851,2
9852,7
9853,1
9854,12
9855,4
9856,7
9857,2
9858,2
9859,9
9860,11
9861,7
9862,1
9863,5
9864,3
9865,22
9866,3
9867,9
9868,7
9869,3
9870,22
9871,6
9872,9
9873,11
9874,27
9875,3
9876,5
9877,4
9878,6
9879,5
9880,12
9881,13
9882,1
9883,10
9884,15
9885,26
9886,7
9887,3
9888,6
9889,11
9890,10
9891,5
9892,4
9893,7
9894,13
9895,10
9896,7
9897,18
9898,21
9899,1
9900,7
9901,4
9902,8
9903,19
9904,12
9905,1
9906,15
9907,3
9908,6
9909,15
9910,7
9911,33
9912,5
9913,12
9914,1
9915,14
9916,5
9917,4
9918,8
9919,9
9920,3
9921,2
9922,5
9923,2
9924,21
9925,29
9926,20
9927,2
9928,16
9929,10
9930,14
9931,8
9932,14
9933,7
9934,10
9935,4
9936,1
9937,15
9938,1
9939,13
9940,1
9941,11
9942,15
9943,8
9944,10
9945,10
9946,14
9947,7
9948,18
9949,6
9950,3
9951,10
9952,12
9953,15
9954,7
9955,16
9956,12
9957,23
9958,29
9959,11
9960,8
9961,4
9962,13
9963,2
9964,10
9965,4
9966,9
9967,17
9968,6
9969,2
9970,8
9971,1
9972,2
9973,13
9974,3
9975,8
9976,8
9977,15
9978,2
9979,12
9980,10
9981,2
9982,1
9983,16
9984,13
9985,11
9986,7
9987,18
9988,3
9989,1
9990,17
9991,14
9992,12
9993,7
9994,5
9995,26
9996,14
9997,9
9998,7
9999,3
10000,3
10001,4
10002,5
10003,1
10004,21
10005,4
10006,6
10007,26
10008,2
10009,12
10010,1
10011,5
10012,5
10013,10
10014,3
10015,3
10016,2
10017,5
10018,19
10019,8
10020,4
10021,5
10022,8
10023,8
10024,2
10025,6
10026,11
10027,6
10028,19
10029,30
10030,3
10031,3
10032,2
10033,12
10034,8
10035,2
10036,6
10037,1
10038,14
10039,5
10040,9
10041,3
10042,11
10043,9
10044,5
10045,7
10046,8
10047,1
10048,9
10049,19
10050,6
10051,4
10052,3
10053,14
10054,6
10055,10
10056,3
10057,14
10058,8
10059,4
10060,7
10061,8
10062,5
10063,6
10064,10
10065,8
10066,6
10067,21
10068,3
10069,4
10070,6
10071,19
10072,7
10073,5
10074,16
10075,7
10076,8
10077,2
10078,2
10079,16
10080,11
10081,10
10082,10
10083,7
10084,4
10085,6
10086,2
10087,2
10088,2
10089,6
10090,14
10091,4
10092,1
10093,14
10094,5
10095,4
10096,4
10097,4
10098,3
10099,5
10100,12
10101,3
10102,6
10103,1
10104,3
10105,10
10106,12
10107,7
10108,19
10109,6
10110,8
10111,5
10112,8
10113,6
10114,3
10115,4
10116,3
10117,1
10118,5
10119,6
10120,14
10121,7
10122,26
10123,14
10124,2
10125,6
10126,6
10127,1
10128,3
10129,6
10130,6
10131,7
10132,15
10133,8
10134,13
10135,3
10136,4
10137,3
10138,12
10139,18
10140,10
10141,9
10142,2
10143,4
10144,20
10145,3
10146,8
10147,9
10148,18
10149,13
10150,17
10151,13
10152,25
10153,5
10154,1
10155,5
10156,2
10157,1
10158,3
10159,3
10160,30
10161,1
10162,12
10163,6
10164,12
10165,7
10166,9
10167,15
10168,4
10169,4
10170,14
10171,5
10172,7
10173,18
10174,5
10175,25
10176,12
10177,9
10178,3
10179,13
10180,2
10181,8
10182,2
10183,28
10184,3
10185,9
10186,4
10187,1
10188,7
10189,5
10190,4
10191,5
10192,4
10193,17
10194,17
10195,6
10196,9
10197,12
10198,3
10199,10
10200,10
10201,12
10202,18
10203,19
10204,4
10205,7
10206,1
10207,5
10208,9
10209,10
10210,7
10211,14
10212,15
10213,24
10214,24
10215,9
10216,1
10217,15
10218,7
10219,4
10220,12
10221,9
10222,12
10223,9
10224,9
10225,13
10226,20
10227,14
10228,6
10229,6
10230,14
10231,2
10232,4
10233,13
10234,18
10235,4
10236,4
10237,11
10238,5
10239,13
10240,17
10241,6
10242,6
10243,7
10244,9
10245,14
10246,11
10247,9
10248,2
10249,11
10250,5
10251,11
10252,8
10253,17
10254,5
10255,4
10256,19
10257,6
10258,6
10259,5
10260,4
10261,10
10262,9
10263,5
10264,10
10265,9
10266,6
10267,8
10268,4
10269,5
10270,21
10271,6
10272,2
10273,38
10274,10
10275,23
10276,1
10277,15
10278,2
10279,2
10280,8
10281,4
10282,4
10283,2
10284,2
10285,3
10286,10
10287,1
10288,5
10289,3
10290,2
10291,2
10292,10
10293,2
10294,6
10295,2
10296,4
10297,5
10298,1
10299,1
10300,9
10301,4
10302,5
10303,9
10304,21
10305,5
10306,4
10307,10
10308,2
10309,4
10310,3
10311,18
10312,4
10313,2
10314,2
10315,6
10316,15
10317,30
10318,6
10319,5
10320,7
10321,15
10322,7
10323,4
10324,6
10325,3
10326,6
10327,16
10328,2
10329,1
10330,3
10331,7
10332,10
10333,7
10334,7
10335,1
10336,7
10337,12
10338,8
10339,5
10340,4
10341,3
10342,1
10343,8
10344,6
10345,9
10346,12
10347,9
10348,8
10349,2
10350,4
10351,11
10352,14
10353,7
10354,4
10355,1
10356,11
10357,3
10358,3
10359,13
10360,15
10361,2
10362,8
10363,5
10364,1
10365,4
10366,4
10367,7
10368,30
10369,4
10370,11
10371,13
10372,5
10373,19
10374,12
10375,11
10376,3
10377,4
10378,14
10379,13
10380,10
10381,18
10382,6
10383,2
10384,6
10385,1
10386,5
10387,4
10388,5
10389,6
10390,19
10391,15
10392,3
10393,10
10394,17
10395,14
